:020000040800F2
:1000000000500020216500083949000843490008D4
:100010004B490008534900085B49000800000000F4
:10002000000000000000000000000000634900081C
:100030006549000800000000674900086949000898
:10004000C1650008C1650008C1650008C1650008F8
:10005000C1650008C1650008C1650008C1650008E8
:10006000C1650008C1650008754B0008A54A000875
:10007000C1650008C1650008FD4A0008C1650008A7
:10008000C1650008C1650008C1650008C1650008B8
:10009000C1650008C1650008C1650008C1650008A8
:1000A000C1650008C1650008C1650008C165000898
:1000B000C1650008C1650008C1650008C165000888
:1000C000C1650008C1650008C1650008C165000878
:1000D000C1650008214B0008C1650008C165000822
:1000E000C1650008C1650008C16500080000000086
:1000F0000000000000000000000000000000000000
:0C01000000000000000000005FF808F1A3
:1001100010B5054C237833B9044B13B10448AFF341
:1001200000800123237010BDF001002000000000BA
:10013000C0B0000808B5034B1BB103490348AFF337
:10014000008008BD00000000F4010020C0B00008DD
:1001500081F0004102E000BF83F0004330B54FEA78
:1001600041044FEA430594EA050F08BF90EA020FE5
:100170001FBF54EA000C55EA020C7FEA645C7FEA78
:10018000655C00F0E2804FEA5454D4EB5555B8BF9B
:100190006D420CDD2C4480EA020281EA030382EA0C
:1001A000000083EA010180EA020281EA0303362D9E
:1001B00088BF30BD11F0004F4FEA01314FF4801C71
:1001C0004CEA113102D0404261EB410113F0004F83
:1001D0004FEA03334CEA133302D0524263EB43033A
:1001E00094EA050F00F0A780A4F10104D5F1200ED8
:1001F0000DDB02FA0EFC22FA05F2801841F1000133
:1002000003FA0EF2801843FA05F359410EE0A5F106
:1002100020050EF1200E012A03FA0EFC28BF4CF037
:10022000020C43FA05F3C01851EBE37101F00045ED
:1002300007D54FF0000EDCF1000C7EEB00006EEBFA
:100240000101B1F5801F1BD3B1F5001F0CD3490884
:100250005FEA30004FEA3C0C04F101044FEA4452DB
:1002600012F5800F80F09A80BCF1004F08BF5FEA62
:10027000500C50F1000041EB045141EA050130BD42
:100280005FEA4C0C404141EB0101013C28BFB1F554
:10029000801FE9D291F0000F04BF01460020B1FA9F
:1002A00081F308BF2033A3F10B03B3F120020CDA72
:1002B0000C3208DD02F1140CC2F10C0201FA0CF050
:1002C00021FA02F10CE002F11402D8BFC2F1200CB5
:1002D00001FA02F120FA0CFCDCBF41EA0C0190406B
:1002E000E41AA2BF01EB0451294330BD6FEA0404B4
:1002F0001F3C1CDA0C340EDC04F11404C4F120029F
:1003000020FA04F001FA02F340EA030021FA04F3B0
:1003100045EA030130BDC4F10C04C4F1200220FA07
:1003200002F001FA04F340EA0300294630BD21FA45
:1003300004F0294630BD94F0000F83F4801306BF0B
:1003400081F480110134013D4EE77FEA645C18BFFF
:100350007FEA655C29D094EA050F08BF90EA020F96
:1003600005D054EA000C04BF1946104630BD91EA8E
:10037000030F1EBF0021002030BD5FEA545C05D191
:100380004000494128BF41F0004130BD14F58004D0
:100390003CBF01F5801130BD01F0004545F0FE4144
:1003A00041F470014FF0000030BD7FEA645C1ABF79
:1003B000194610467FEA655C1CBF0B46024650EAB0
:1003C000013406BF52EA033591EA030F41F40021DC
:1003D00030BD00BF90F0000F04BF0021704730B562
:1003E0004FF4806404F132044FF000054FF0000137
:1003F00050E700BF90F0000F04BF0021704730B5F8
:100400004FF4806404F1320410F0004548BF4042CC
:100410004FF000013EE700BF42004FEAE2014FEA21
:1004200031014FEA02701FBF12F07F4393F07F4FFC
:1004300081F06051704732F07F4208BF704793F0FF
:100440007F4F04BF41F40021704730B54FF4607412
:1004500001F0004521F000411CE700BF50EA010215
:1004600008BF704730B54FF000050AE050EA0102BE
:1004700008BF704730B511F0004502D5404261EB2E
:1004800041014FF4806404F132045FEA915C3FF46F
:10049000D8AE4FF003025FEADC0C18BF03325FEA0C
:1004A000DC0C18BF033202EBDC02C2F1200300FABD
:1004B00003FC20FA02F001FA03FE40EA0E0021FAE2
:1004C00002F11444BDE600BF80F0004002E000BF2E
:1004D00081F0004142001FBF5FEA410392EA030F2F
:1004E0007FEA226C7FEA236C6AD04FEA1262D2EB79
:1004F0001363C1BFD218414048404140B8BF5B427E
:10050000192B88BF704710F0004F40F4000020F016
:100510007F4018BF404211F0004F41F4000121F02C
:100520007F4118BF494292EA030F3FD0A2F1010276
:1005300041FA03FC10EB0C00C3F1200301FA03F1B4
:1005400000F0004302D5494260EB4000B0F5000FD7
:1005500013D3B0F1807F06D340084FEA310102F196
:100560000102FE2A51D2B1F1004F40EBC25008BF48
:1005700020F0010040EA03007047490040EB000012
:10058000013A28BFB0F5000FEDD2B0FA80FCACF113
:10059000080CB2EB0C0200FA0CF0AABF00EBC25040
:1005A00052421843BCBFD0401843704792F0000F2E
:1005B00081F4000106BF80F400000132013BB5E781
:1005C0004FEA41037FEA226C18BF7FEA236C21D0F7
:1005D00092EA030F04D092F0000F08BF084670475C
:1005E00090EA010F1CBF0020704712F07F4F04D12A
:1005F000400028BF40F00040704712F100723CBF3D
:1006000000F50000704700F0004343F0FE4040F466
:10061000000070477FEA226216BF08467FEA236324
:100620000146420206BF5FEA412390EA010F40F40F
:10063000800070474FF0000304E000BF10F000435B
:1006400048BF40425FEA000C08BF704743F0964342
:1006500001464FF000001CE050EA010208BF70475D
:100660004FF000030AE000BF50EA010208BF7047E4
:1006700011F0004302D5404261EB41015FEA010CF9
:1006800002BF84460146002043F0B64308BFA3F1F1
:100690008053A3F50003BCFA8CF2083AA3EBC253D3
:1006A00010DB01FA02FC634400FA02FCC2F12002F2
:1006B000BCF1004F20FA02F243EB020008BF20F029
:1006C0000100704702F1200201FA02FCC2F120028F
:1006D00050EA4C0021FA02F243EB020008BF20EA84
:1006E000DC7070474FF0FF0C1CEAD0521EBF1CEAB2
:1006F000D15392EA0C0F93EA0C0F6FD01A4480EAA0
:10070000010C400218BF5FEA41211ED04FF0006388
:1007100043EA501043EA5111A0FB01310CF00040B4
:10072000B1F5000F3EBF490041EAD3715B0040EADA
:10073000010062F17F02FD2A1DD8B3F1004F40EBAA
:10074000C25008BF20F00100704790F0000F0CF07D
:10075000004C08BF49024CEA502040EA51207F3A41
:10076000C2BFD2F1FF0340EAC250704740F400001C
:100770004FF00003013A5DDC12F1190FDCBF00F00D
:1007800000407047C2F10002410021FA02F1C2F1BB
:10079000200200FA02FC5FEA310040F1000053EA57
:1007A0004C0308BF20EADC70704792F0000F00F0A5
:1007B000004C02BF400010F4000F013AF9D040EAAB
:1007C0000C0093F0000F01F0004C02BF490011F43F
:1007D000000F013BF9D041EA0C018FE70CEAD1533D
:1007E00092EA0C0F18BF93EA0C0F0AD030F0004CBD
:1007F00018BF31F0004CD8D180EA010000F0004071
:10080000704790F0000F17BF90F0004F084691F02E
:10081000000F91F0004F14D092EA0C0F01D1420268
:100820000FD193EA0C0F03D14B0218BF084608D131
:1008300080EA010000F0004040F0FE4040F400007B
:10084000704740F0FE4040F4400070474FF0FF0C0E
:100850001CEAD0521EBF1CEAD15392EA0C0F93EA55
:100860000C0F69D0A2EB030280EA010C49024FEAA7
:10087000402037D04FF0805343EA111143EA101360
:100880000CF000408B4238BF5B0042F17D024FF418
:10089000000C8B4224BF5B1A40EA0C00B3EB510FF3
:1008A00024BFA3EB510340EA5C00B3EB910F24BFDC
:1008B000A3EB910340EA9C00B3EBD10F24BFA3EB61
:1008C000D10340EADC001B0118BF5FEA1C1CE0D129
:1008D000FD2A3FF650AF8B4240EBC25008BF20F0DC
:1008E000010070470CF0004C4CEA50207F32C2BF30
:1008F000D2F1FF0340EAC250704740F400004FF0CD
:100900000003013A37E792F0000F00F0004C02BFFD
:10091000400010F4000F013AF9D040EA0C0093F0C7
:10092000000F01F0004C02BF490011F4000F013B21
:10093000F9D041EA0C0195E70CEAD15392EA0C0F89
:1009400008D142027FF47DAF93EA0C0F7FF470AFC1
:10095000084676E793EA0C0F04D14B023FF44CAF04
:1009600008466EE730F0004C18BF31F0004CCAD199
:1009700030F000427FF45CAF31F000437FF43CAFD5
:100980005FE700BF4FF0FF3C06E000BF4FF0010CF7
:1009900002E000BF4FF0010C4DF804CD4FEA4002D9
:1009A0004FEA41037FEA226C18BF7FEA236C11D023
:1009B00001B052EA530C18BF90EA010F58BFB2EBD6
:1009C000030088BFC81738BF6FEAE17018BF40F056
:1009D000010070477FEA226C02D15FEA402C05D10A
:1009E0007FEA236CE4D15FEA412CE1D05DF8040B8F
:1009F000704700BF844608466146FFE70FB5FFF722
:100A0000C9FF002848BF10F1000F0FBD4DF808EDD9
:100A1000FFF7F4FF0CBF012000205DF808FB00BFCA
:100A20004DF808EDFFF7EAFF34BF012000205DF824
:100A300008FB00BF4DF808EDFFF7E0FF94BF012071
:100A400000205DF808FB00BF4DF808EDFFF7D2FF6E
:100A500094BF012000205DF808FB00BF4DF808EDB1
:100A6000FFF7C8FF34BF012000205DF808FB00BF7E
:100A70004FEA4002B2F1FE4F0FD34FF09E03B3EBAB
:100A800012620DD94FEA002343F0004310F0004FEB
:100A900023FA02F018BF404270474FF00000704741
:100AA00012F1610F01D1420205D110F0004008BFE0
:100AB0006FF0004070474FF00000704742000ED2C8
:100AC000B2F1FE4F0BD34FF09E03B3EB126209D489
:100AD0004FEA002343F0004323FA02F070474FF03F
:100AE0000000704712F1610F01D1420202D14FF0B4
:100AF000FF3070474FF00000704700BF4FEA4002E0
:100B00004FEA41037FEA226C02D15FEA402C08D110
:100B10007FEA236C02D15FEA412C02D14FF0000042
:100B200070474FF001007047034613F8012B002A6D
:100B3000FBD1181A0138704770B54FF0FF0C4CF418
:100B4000E06C1CEA11541DBF1CEA135594EA0C0F0B
:100B500095EA0C0F00F0DEF82C4481EA030621EA46
:100B60004C5123EA4C5350EA013518BF52EA033581
:100B700041F4801143F4801338D0A0FB02CE4FF033
:100B80000005E1FB02E506F00042E0FB03E54FF063
:100B90000006E1FB03569CF0000F18BF4EF0010E5B
:100BA000A4F1FF04B6F5007F64F5407404D25FEA57
:100BB0004E0E6D4146EB060642EAC62141EA55510A
:100BC0004FEAC52040EA5E504FEACE2EB4F1FD0C4C
:100BD00088BFBCF5E06F1ED8BEF1004F08BF5FEACA
:100BE000500E50F1000041EB045170BD06F000467C
:100BF00046EA010140EA020081EA0301B4EB5C0429
:100C0000C2BFD4EB0C0541EA045170BD41F4801120
:100C10004FF0000E013C00F3AB8014F1360FDEBF45
:100C2000002001F0004170BDC4F10004203C35DA21
:100C30000C341BDC04F11404C4F1200500FA05F3A4
:100C400020FA04F001FA05F240EA020001F0004245
:100C500021F0004110EBD37021FA04F642EB0601BB
:100C60005EEA430E08BF20EAD37070BDC4F10C04E5
:100C7000C4F1200500FA04F320FA05F001FA04F2A9
:100C800040EA020001F0004110EBD37041F1000195
:100C90005EEA430E08BF20EAD37070BDC4F12005A0
:100CA00000FA05F24EEA020E20FA04F301FA05F208
:100CB00043EA020321FA04F001F0004121FA04F2B0
:100CC00020EA020000EBD3705EEA430E08BF20EA80
:100CD000D37070BD94F0000F0FD101F000464000BA
:100CE00041EB010111F4801F08BF013CF7D041EA3C
:100CF000060195F0000F18BF704703F00046520040
:100D000043EB030313F4801F08BF013DF7D043EA10
:100D10000603704794EA0C0F0CEA135518BF95EAC6
:100D20000C0F0CD050EA410618BF52EA4306D1D14D
:100D300081EA030101F000414FF0000070BD50EA6C
:100D4000410606BF1046194652EA430619D094EAF6
:100D50000C0F02D150EA013613D195EA0C0F05D1E0
:100D600052EA03361CBF104619460AD181EA030134
:100D700001F0004141F0FE4141F470014FF00000EC
:100D800070BD41F0FE4141F4780170BD70B54FF087
:100D9000FF0C4CF4E06C1CEA11541DBF1CEA135507
:100DA00094EA0C0F95EA0C0F00F0A7F8A4EB0504E9
:100DB00081EA030E52EA03354FEA013100F08880E0
:100DC0004FEA03334FF0805545EA131343EA1263A9
:100DD0004FEA022245EA111545EA10654FEA00265E
:100DE0000EF000419D4208BF964244F1FD0404F517
:100DF000407402D25B084FEA3202B61A65EB030573
:100E00005B084FEA32024FF480104FF4002CB6EB2F
:100E1000020E75EB030E22BFB61A754640EA0C00AF
:100E20005B084FEA3202B6EB020E75EB030E22BFEF
:100E3000B61A754640EA5C005B084FEA3202B6EB30
:100E4000020E75EB030E22BFB61A754640EA9C00EF
:100E50005B084FEA3202B6EB020E75EB030E22BFBF
:100E6000B61A754640EADC0055EA060E18D04FEA7D
:100E7000051545EA16754FEA06164FEAC30343EA1D
:100E800052734FEAC2025FEA1C1CC0D111F4801FEA
:100E90000BD141EA00014FF000004FF0004CB6E7E3
:100EA00011F4801F04BF01430020B4F1FD0C88BF82
:100EB000BCF5E06F3FF6AFAEB5EB030C04BFB6EB8D
:100EC000020C5FEA500C50F1000041EB045170BD80
:100ED0000EF0004E4EEA113114EB5C04C2BFD4EBAD
:100EE0000C0541EA045170BD41F480114FF0000E31
:100EF000013C90E645EA060E8DE60CEA135594EAAD
:100F00000C0F08BF95EA0C0F3FF43BAF94EA0C0FAF
:100F10000AD150EA01347FF434AF95EA0C0F7FF424
:100F200025AF104619462CE795EA0C0F06D152EA78
:100F300003353FF4FDAE1046194622E750EA41065C
:100F400018BF52EA43067FF4C5AE50EA41047FF46D
:100F50000DAF52EA43057FF4EBAE12E74FF0FF3CD2
:100F600006E000BF4FF0010C02E000BF4FF0010CA3
:100F70004DF804CD4FEA410C7FEA6C5C4FEA430C1C
:100F800018BF7FEA6C5C1BD001B050EA410C0CBF6B
:100F900052EA430C91EA030F02BF90EA020F0020CD
:100FA000704710F1000F91EA030F58BF994208BF34
:100FB00090422CBFD8176FEAE37040F001007047F1
:100FC0004FEA410C7FEA6C5C02D150EA013C07D148
:100FD0004FEA430C7FEA6C5CD6D152EA033CD3D093
:100FE0005DF8040B704700BF8446104662468C468D
:100FF0001946634600E000BF01B5FFF7B7FF0028C0
:1010000048BF10F1000F01BD4DF808EDFFF7F4FFE8
:101010000CBF012000205DF808FB00BF4DF808ED73
:10102000FFF7EAFF34BF012000205DF808FB00BF96
:101030004DF808EDFFF7E0FF94BF012000205DF8B8
:1010400008FB00BF4DF808EDFFF7CEFF94BF01206D
:1010500000205DF808FB00BF4DF808EDFFF7C4FF66
:1010600034BF012000205DF808FB00BF4FEA410CAF
:101070007FEA6C5C02D150EA013C0AD14FEA430C92
:101080007FEA6C5C02D152EA033C02D14FF00000CF
:1010900070474FF0010070474FEA410212F500120D
:1010A00015D211D56FF47873B3EB625212D94FEAAF
:1010B000C12343F0004343EA505311F0004F23FA99
:1010C00002F018BF404270474FF00000704750EAEE
:1010D000013005D111F0004008BF6FF000407047AB
:1010E0004FF00000704700BF10B504460E4B187853
:1010F0004FF47A73B3FBF0F30C4A1068B0FBF3F0D3
:1011000000F0A2F868B90F2C01D901200AE00022F2
:1011100021464FF0FF3000F05FF8054B1C600020C7
:1011200000E0012010BD00BF000000201C000020D6
:101130000400002008B5074A136843F01003136049
:10114000032000F037F80F20FFF7CEFF02F018FF62
:10115000002008BD00200240034A1168034B1B78A1
:101160000B441360704700BF0C02002000000020F9
:10117000014B1868704700BF0C02002038B50446C8
:10118000FFF7F6FF0546B4F1FF3F02D0044B1B7892
:101190001C44FFF7EDFF401BA042FAD338BD00BF4F
:1011A000000000204FF0E022136923F002031361D6
:1011B00070470000074AD36823F4E0631B041B0C4C
:1011C000000200F4E060034343F0BF6343F40033E4
:1011D000D360704700ED00E000B5194BDB68C3F346
:1011E0000223C3F1070CBCF1040F28BF4FF0040C1D
:1011F00003F1040EBEF1060F18D9033B4FF0FF3E7A
:101200000EFA0CFC21EA0C0199400EFA03F322EAD3
:101210000303194300280BDB0901C9B200F1604048
:1012200000F5614080F800135DF804FB0023E5E75A
:1012300000F00F000901C9B2024B1954F4E700BFD6
:1012400000ED00E014ED00E00138B0F1807F0BD23A
:101250004FF0E0235861054AF02182F82310002066
:10126000986107221A6170470120704700ED00E085
:10127000044B0022DA61044A136943F0010313614D
:10128000018070471002002000200240194BDB68EB
:1012900013F0100305D0184AD36943F00203D36159
:1012A0001023144AD26812F0040F06D01249CA69FA
:1012B00042F00102CA6143F004030E4AD26912F0FF
:1012C000010F09D00C49CA6942F00402CA610949F8
:1012D000CA6922F00102CA6140F20112934202D0AF
:1012E000044AD3607047034AD36923F00103D361F2
:1012F000704700BF00200240100200200A4B1B690B
:1013000013F0800F0BD0084B084A5A6002F1883264
:101310005A601B6913F0800F03D100207047002032
:1013200070470120704700BF00200240230167453D
:10133000034A136943F0800313610020704700BF24
:101340000020024038B50446FFF712FF0546164B51
:10135000DB6813F0010F0AD0B4F1FF3FF7D024B1DE
:10136000FFF706FF401BA042F1D903201BE00E4B04
:10137000DB6813F0200F02D00B4B2022DA600A4BFF
:10138000DB6813F0100F0BD1074BDB6913F0010F73
:1013900006D1054BDB6813F0040F01D1002002E0F9
:1013A000FFF774FF012038BD002002402DE9F8430B
:1013B0001E46244B1B7E012B41D004460F4690460F
:1013C000204B01221A764CF25030FFF7BBFF034648
:1013D00078BB012C08D0022C03D04FF004091C4626
:1013E00007E04FF00209FAE74FF00109F7E701348F
:1013F000E4B24C451DD22101C1F12002A1F120032C
:1014000028FA01F106FA02F2114326FA03F319430E
:1014100089B207EB4400FFF72BFF4CF25030FFF787
:1014200091FF094B1D6925F001051D610346002848
:10143000DDD0044A002111761846BDE8F883022366
:10144000FAE700BF1002002000200240064B0022F5
:10145000DA61064B1A6942F004021A611A6942F015
:1014600040021A61704700BF1002002000200240B5
:10147000064B0022DA61064B1A6942F002021A6139
:1014800058611A6942F040021A6170471002002048
:1014900000200240264B1B7E012B46D070B505462E
:1014A0000E46234B01221A760368022B20D04CF201
:1014B0005030FFF747FF90BB4FF0FF333360AC680D
:1014C0000121EA68AB6803EB8223A34228D92046B6
:1014D000FFF7CEFF4CF25030FFF734FF154A136987
:1014E00023F0020313610146B8B904F58064E8E70C
:1014F0004CF25030FFF726FF08B1012110E0012027
:10150000FFF7A4FF4CF25030FFF71CFF0146094AD9
:10151000136923F00403136102E0346000E0012149
:10152000034B00221A76084670BD02210846704718
:1015300010020020002002400C4B9A6803F58063E3
:101540009B68134313F0010F0ED10B6833B142684F
:1015500022F470221343436000207047436823F451
:101560007023436000207047012070470024014031
:10157000836813F0010F0DD1436823F480734A6828
:1015800013434360836823F400630A681343836052
:1015900000207047012070474B68826812F0010FED
:1015A00023D110B4DBB1426822F468428C68234333
:1015B00013434360836823F4602323F481730A6830
:1015C000CC6822430C692243134383604B68C26A90
:1015D00022F470021343C362002010BC70474268BB
:1015E00022F4684213434360E4E7012070470B682C
:1015F000C3F30F2C9CFAACF2B2FA82F276E0A2F1BD
:1016000008044FF00113A34043F080634C68082C9A
:101610002CD01D0E93FAA3F4B4FA84F4A4004FF076
:101620000F0E0EFA04F4465926EA040493FAA3FEB8
:10163000BEFA8EFE4FEA8E0E4E6806FA0EFE44EAA1
:101640000E0444514C68012C1ED0092C1CD00132D0
:101650003CFA02F347D00123934013EA0C0FF6D073
:10166000072ACCD840F201139340CFE70D69C66832
:101670001C0A26EA132694FAA4F4B4FA84F405FAB0
:1016800004F43443C460C4E74FEA136E50F80E40CC
:1016900093FAA3F5B5FA85F5AD00032606FA05F52C
:1016A00024EA050493FAA3F5B5FA85F5AD008E6832
:1016B00006FA05F5254340F80E50CC6893FAA3F6D8
:1016C000B6FA86F6B600042707FA06F625EA0605F6
:1016D00093FAA3F3B3FA83F39B0004FA03F32B43C7
:1016E00040F80E30B3E70020F0BD01323CFA02F3BF
:1016F00006D00123934013EA0C0FF6D0F0B5AFE704
:1017000000207047034B5B68C3F30313024AD35CAA
:10171000D84070470010024098D70008034B5B6820
:10172000C3F30223024AD35CD84070470010024042
:10173000A8D70008034B5B68C3F3C223024AD35CFB
:10174000D840704700100240A8D700080B4B5B68D8
:1017500003F4803343B90A48084B5B68C3F38343FF
:10176000023303FB00F07047044B5868C0F340405D
:10177000431C0448B0FBF3F0EEE700BF001002404A
:1017800000093D0000127A0008B5054B5B6803F0C4
:101790000C03082B01D0034808BDFFF7D7FFFBE778
:1017A0000010024000127A0010B50446FFF7ECFF6B
:1017B0002060FFF7A7FF6060FFF7B0FFA0606068E0
:1017C000FFF7B8FFE06010BD03681A4A90420AD0E4
:1017D000B0F1804F07D0A2F59432904203D002F5C9
:1017E0008062904203D123F070034A681343114A88
:1017F00090420AD0B0F1804F07D0A2F594329042C7
:1018000003D002F58062904203D123F44073CA688A
:10181000134303608B68C3620B888362054B984255
:1018200005D0436943F001034361002070470B6911
:101830000363F6E7002C0140C36813F4005F01D096
:101840000120704730B585B004460D46C36823F4C7
:10185000B05323F00C034A68C9680A4329690A4354
:101860001343C360AB68026922F44052134303611F
:101870006B69426922F44072134343616846FFF783
:1018800093FF1C4B9C4208D01B4B9C420BD01B4B24
:101890009C420AD0012005B030BD039B43B32A68A7
:1018A0002AB90120F7E7029BF8E7029BF6E703EB72
:1018B000830303EB83039200B3FBF2F31048A0FB16
:1018C000032149090A0192B2642505FB11331B016A
:1018D0003233A0FB0313C3F34F1303F0F0010A44A8
:1018E00092B203F00F0313449BB2A3600020D2E72F
:1018F0000120D0E70038014000440040004800408B
:101900001F85EB51064BA3FB00239B09013B4FF0C6
:10191000E02253610023936105231361704700BFE8
:10192000D34D621082B04FF0E0231B690193019BFD
:10193000B0F1FF3F00D0013038B14FF0E0231B6918
:1019400013F4803FF8D00138F6E702B0704700008A
:10195000014B1860704700BF1C000020104B1B7823
:10196000EBB9002112E041F2210080EA43039BB26F
:101970000132072A05D813F4004FF4D15B009BB263
:10198000F6E7084A22F81130013189B2FF2903D85D
:101990000B029BB20022ECE7014B01221A70704748
:1019A000300400203002002070B506460C46154673
:1019B0000B4B1B787BB9FFF7D1FF0CE0214611F8E8
:1019C000013B83EA1623074830F9130080EA06201A
:1019D00086B20C4615466A1E002DEFDC304670BDFF
:1019E0003004002030020020104BD3F8FC2022F0FD
:1019F0008072C3F8FC20D3F8FC2042F08072C3F858
:101A0000FC20A3F55D431A6822F001021A601A68EF
:101A100042F001021A6000225A6000BF00BF00BFFE
:101A20005868B0FA80F04009704700BF00ED00E050
:101A300082B001900A4B5968019B73B1019A094B1E
:101A40001B68A3FB02329B0A43EA82530193044BB7
:101A50005B685B1A019A9342F9D302B0704700BFEA
:101A6000001000E01C00002008B509680068FEF7BF
:101A70002FFDFEF7FDFF08BD012800D070474FF68F
:101A8000FF739942FAD1094B00229A62DA621A6313
:101A90005A639A63DA631A645A649A64DA641A6558
:101AA0005A659A65DA651A665A66E7E7D41D00201A
:101AB00072B6BFF34F8F084B20221A61BFF34F8FCE
:101AC0000649CA6802F4E062054B1343CB60BFF3DA
:101AD0004F8F00BFFDE700BF0008014000ED00E0B0
:101AE0000400FA0508B572B6BFF34F8F70B119281C
:101AF00038BF19200646074C202525610A20FFF72C
:101B000097FF65613046FFF793FFF4E74FF4967651
:101B1000F1E700BF0008014000283DD038B5044679
:101B2000FFF702F88446B0B30022624508D2A35CF6
:101B30002D2B05D0303BDBB2092B01D90132F4E764
:101B4000624528D2A118A35C2D2B02D00025134694
:101B500007E0013220230B700125F8E720218EF8E1
:101B600000100CF1FF3098420AD904EB030EE15C3F
:101B7000302905D10133E15C3039C9B20929EDD9E9
:101B80004DB1904207D9A35C202B01D10132F8E777
:101B9000013A2D23A35438BD704768B310B50446ED
:101BA0002E2107F042FAE0B12046FEF7BDFF844641
:101BB000B8B1421E32B1A35C303BDBB2092B01D974
:101BC000013AF7E76AB1511C134623B1E05C3028B3
:101BD00001D1013BF9E7E05C2E2803D0581C81427B
:101BE00002D810BD013BF9E79A1A62440132214440
:101BF000204406F0E8F9F4E770470000024600B917
:101C0000C822074B196800E030BF064B5B6C13F02D
:101C1000010F04D0024B1B685B1A9342F4D3704748
:101C200058260020000002400246E0B1F1B1144BFA
:101C3000DB6813F4005F1CD0124B5B6C13F0010FD8
:101C40001AD1104B4FF4805058601A650E4ADA646E
:101C50009A6C120C1204114399645A6C42F00102FE
:101C60005A64002070474FF0FF3070474FF0FF304C
:101C700070476FF0010070476FF00200704700BFBF
:101C800000380140000002400438014010B5084609
:101C900014461146FFF7C8FF0020FFF7AFFF2046AC
:101CA00010BD000008B50249FEF71CFD08BD00BFCD
:101CB0006740533A02280FD0032813D0012805D0DB
:101CC0000B4B80225A6140221A617047084B8022D8
:101CD0001A6140221A617047054B80225A614022E6
:101CE0005A617047024B80221A6140225A61704744
:101CF0000008014000B587B00023059301930293CB
:101D0000039304930C4B039304230493FFF7F6FA15
:101D100078B905A901A8FFF7BDFB28B9FFF708FBB3
:101D2000002007B05DF804FBFFF702FB6FF0010035
:101D3000F7E74FF0FF30F4E700F00008F8B50027B0
:101D4000124C0FE0274634460CE02946B5F84651C0
:101D50000020A1F846014FF4A472FFF725FE85424A
:101D6000F0D0043404F5A476094B9E420CD8094DFA
:101D70004FF4A4722146284606F017F92A68064B4C
:101D80009A42E2D00434EDE73846F8BD00F000088E
:101D900000000108340400206219961908B5FFF705
:101DA000CDFF38B101464FF4A472044806F0FDF8A7
:101DB000002008BD4FF0FF30FBE700BF4C2400209F
:101DC00070B586B000200290039004900590484BB7
:101DD0000493042305930190464C474B2360A4F8D9
:101DE00046014FF4A4722146FFF7DEFDA4F8460138
:101DF000FFF784FA002877D1FFF7A0FF0446E0B18F
:101E00004FF4A4723B4906F0C0F8054668B104F5EA
:101E1000A47604F52474394B9C420FD901A902A879
:101E2000FFF738FB20B9324E08E0FFF781FA40E0B7
:101E3000FFF77EFA6FF001053BE02D4E334600219F
:101E4000B1F5A47F14D233F8022B92B24FF6FF7093
:101E500082421FD006F5A472134606F52476274960
:101E60008E4214D901A902A8FFF714FBA0B9204E95
:101E70000025204CB5F5A47F1ED234F8022B002398
:101E800071190120FFF792FA58B90235F2E71646A8
:101E90000021D5E70231D3E7FFF74AFA6FF00205D8
:101EA00007E001A902A8FFF7F5FAFFF741FA6FF082
:101EB0000305284606B070BD4FF4A4720D493046A4
:101EC00006F063F8054630B9FFF732FA0C4B4FF0D5
:101ED000FF321A60EDE701A902A8FFF7DBFAFFF76E
:101EE00027FA6FF00405E4E74FF0FF35E1E700BFA4
:101EF00000F000084C240020621996190000010827
:101F0000180000202DE9F84F80460C4691461F46E8
:101F100016464FF0000A55460FE054F804BB294618
:101F20007868FEF7DFFB01465846FEF7D3FA5146C4
:101F3000FEF7CEFA013EAA460546002EEDD129460F
:101F4000F868FEF7CFFB5146FEF7C2FA064605F1E8
:101F50000040B968FEF7C6FB07464846FEF76AFB35
:101F600001464FF08040FEF771FC044601463046C2
:101F7000FEF7B8FB054621463846FEF7B3FBC8F826
:101F80000050C8F804004046BDE8F88F2DE9F04F36
:101F900087B08346029192460393DDF8409018463D
:101FA000FEF748FB01464FF08040FEF74FFC0190E2
:101FB000002300934FE0013C3746064694B15BF89E
:101FC00025803146D9F80400FEF78CFB01464046D7
:101FD000FEF780FA3946FEF77BFA0135AA45EAD8C2
:101FE0000025E8E73146D9F80C00FEF77BFB3946BF
:101FF000FEF76EFA054606F10040D9F80810FEF724
:1020000071FB06462946019F3846FEF76BFB0546E5
:1020100031463846FEF766FB04950590029B009A10
:1020200003EBC20306AA12E9030083E80300022CB3
:102030000ED804EB4403114A02EBC303DB68A3B9D7
:1020400004EB440302EBC3031B7D9BB90134EEE7B1
:10205000009B01330093009B534504D21D46039C13
:1020600000273E46AAE7002001E04FF0FF3007B00E
:10207000BDE8F08F4FF0FF30F9E700BF8C1D002066
:10208000F8B504460E460A493046FEF72BFB0746D4
:1020900004F04CFC0546384604F0C0FC07462660B8
:1020A00029462846FEF716FA6060E560A760F8BD8D
:1020B000DB0FC940F8B505460E46046800212046EE
:1020C000FEF7AEFCD0B9012724F000447449204645
:1020D000FEF7A6FCA8B16621304606F0A6FF80B147
:1020E00070492046FEF7FEFA04463846FEF7A6FA87
:1020F0002146FEF7F7FA28606620F8BD4FF0FF375B
:10210000E2E769492046FEF78BFC90B1702130462A
:1021100006F08BFF68B165492046FEF7E3FA0446F6
:102120003846FEF78BFA2146FEF7DCFA286070206D
:10213000E3E75F492046FEF773FC90B16E2130461D
:1021400006F073FF68B15B492046FEF7CBFA044600
:102150003846FEF773FA2146FEF7C4FA28606E206F
:10216000CBE755492046FEF75BFC90B17521304620
:1021700006F05BFF68B151492046FEF7B3FA04460A
:102180003846FEF75BFA2146FEF7ACFA2860752068
:10219000B3E74FF07E512046FEF742FCE8B94849CC
:1021A0002046FEF73DFC002873D144492046FEF747
:1021B00037FC30B36B21304606F037FF08B33E4999
:1021C0002046FEF78FFA04463846FEF737FA2146D6
:1021D000FEF788FA28606B208FE76D21304606F005
:1021E00024FF0028DBD036492046FEF77BFA044660
:1021F0003846FEF723FA2146FEF774FA28606D2070
:102200007BE72C492046FEF70BFC90B14D21304670
:1022100006F00BFF68B126492046FEF763FA044634
:102220003846FEF70BFA2146FEF75CFA28604D208F
:1022300063E71E492046FEF7F3FB90B14721304685
:1022400006F0F3FE68B118492046FEF74BFA044643
:102250003846FEF7F3F92146FEF744FA28604D2090
:102260004BE710492046FEF7DBFBA0B15421304676
:1022700006F0DBFE88B10A492046FEF733FA044631
:102280003846FEF7DBF92146FEF72CFA2860542089
:1022900033E7202031E720202FE720202DE700BF63
:1022A000CCBC8C2BA95F63585F708930A5D4685370
:1022B000BD378635286B6E4E6F12833A0024744901
:1022C00000007A4438B5632820D942F2107398424E
:1022D00028BF184680B22B4B1880FEF7ABF92A496D
:1022E000FEF7B4FA04F0D6FB04F0D4FB04F0D2FB02
:1022F00004462649FEF794FB50B94FF07E51204624
:10230000FEF7ACFB28B14FF07E5402E06420E2E718
:102310001E4C1F492046FEF7E5F9054600241CE047
:102320002046FEF787F91B49FEF7DCF904F076FB3F
:102330004FF07E51FEF7CEF82946FEF7D3F94FF065
:102340007C51FEF7C7F804F029FBFEF7B7FB60F0FD
:10235000FF00114B23F8140001343F2CE0D9094B46
:102360001A886AB194010D4B5B680D48816A01318E
:10237000B3FBF1F303EB4213B3FBF4F3013BC36292
:1023800038BD00BF1600002000007A44CDCC4C3F81
:102390000000FF42DB0FC93D94250020241F0020D0
:1023A0000004004038B50A4D01232B700024094B6E
:1023B0001C70094B9889FFF785FF084B1C60084B80
:1023C0001C70084B1C70084B1C602C7038BD00BF83
:1023D0000C000020201F00204C2400207C0900203D
:1023E000023B0020F82A0020441E002038B50C4C87
:1023F00001252570682200210A4805F0FEFD0A4BE0
:102400001D706420FFF75EFF0023084A1360084A2E
:102410001370084A1370084A1360237038BD00BF58
:102420000C000020D41D0020201F00207C0900206B
:10243000023B0020F82A0020441E002010B50C4C5E
:1024400001232370682200210A4805F0D6FD0A4BBB
:1024500002221A706420FFF735FF0023074A136039
:10246000074A1370074A1370074A1360237010BDA0
:102470000C000020D41D0020201F00207C0900201B
:10248000023B0020F82A0020441E00202DE9F041E4
:1024900086B002AC84E80300694681E80C00029D26
:1024A000009E31462846FEF71DF90446039FDDF8DD
:1024B000048041463846FEF715F901462046FEF7EE
:1024C00009F8044641462846FEF70CF90546394608
:1024D0003046FEF707F901462846FDF7F9FF0546A5
:1024E0000494059000212046FEF790FA18B10648A2
:1024F00006B0BDE8F0812146284604F0C9FA034938
:10250000FEF7F0F8F4E700BF0000C07FE02E654260
:1025100070B584B00C461249FEF7E4F80546104940
:102520002046FEF7DFF80446284604F0FFF9064689
:10253000284604F073FA00960190204604F0F6F95C
:102540000546204604F06AFA0295039004AB13E9AD
:102550000C00694603C9FFF799FF04B070BD00BFC6
:1025600035FA8E3C2DE9F04385B0674B01221A7095
:102570004FF00009A1E0654B9B789BB1644B03EBE6
:102580004928644B009380231A4663494046FFF76D
:10259000FDFC00284BDB002400256CE05B4BDB7866
:1025A000002BEBD15A4E06EB4926002400257F2C48
:1025B00015D856F824000146FEF794F8014628463F
:1025C000FDF788FF05460134F1E7504B9B78002B5F
:1025D000E8D1D3E74D4BDB78002BCFD0E2E74FF0CB
:1025E00070512846FEF77EF804F054FA4B4B03EB8B
:1025F00089035860474B8022314602A8FFF782FCCE
:10260000029C00212046FEF701FA38B1444909F145
:102610000802424B03EB820359604CE021460398C9
:1026200004F036FA3F49FEF75DF80146EFE7364B16
:1026300000221A704FF0FF3063E0374B03EBC40306
:1026400093E8030004AB03E90300029E31463046E1
:10265000FEF748F8074603980146FEF743F801469F
:102660003846FDF737FF01462846FDF733FF05469C
:1026700048F8246001347F2CDFD94FF07051284690
:10268000FEF730F804F006FA244B03EB8903586098
:10269000204B8022414602A8FFF734FC029C002117
:1026A0002046FEF7B3F908B31D4809F108031B4A99
:1026B00002EB8303586009F10109B9F1070F1DD836
:1026C0004FEA5903184A1278002A7FF457AF032BB8
:1026D0003FF654AF01A252F823F000BF772500085F
:1026E0009D250008CB250008D52500082146039824
:1026F00004F0CEF90B49FDF7F5FFD6E70020024BB9
:10270000187005B0BDE8F083F82A00208019002079
:10271000800900204C1E0020F82600205C260020A6
:102720000000C07FE02E6542201F00202DE9F0430D
:1027300083B08146884600250095019500242746F0
:1027400025E0334B9B780BB3631C324E06EB8303BF
:1027500059682846FDF7BEFE054604F1090306EB5D
:1027600083062D497068FDF7BDFF064604F0DEF8CC
:1027700001460098FDF7AEFE0090304604F04EF999
:1027800001460198FDF7A6FE019001370234072C9F
:1027900021D8224B1B78002BD6D16308032BD3D82A
:1027A00001A252F823F000BF43270008B927000810
:1027B000C3270008CD270008154BDB78002BC3D1B9
:1027C000E4E7134B9B78002BBED0DFE7104BDB78A0
:1027D000002BB9D0DAE73846FDF72CFF0146284632
:1027E000FEF734F8C9F80000009C00212046FEF7EF
:1027F0000DF928B10A48C8F8000003B0BDE8F0831D
:102800002146019804F044F90649FDF76BFFF2E711
:10281000841900205C26002035FA8E3C201F002001
:102820000000C07FE02E65422DE9F04184B04B4BA3
:102830001B78002B63D14A4B1B68002B5FDB002504
:1028400024E005EB450323441833454A02EB830398
:1028500059683046FFF75CFE04AB03EB840343F892
:102860000C0C0134022CECD93E4B042203210DEB5D
:10287000020006F0E1F931460298FDF72BFE05F162
:102880000802394B03EB820358600135072D2AD823
:10289000334C2368344E06EB8508D8F8042005EB4A
:1028A00045073B4404EB83035A6004EB870201AB0A
:1028B00050689168D26807C32A4B042203210DEBAC
:1028C000020006F0B9F9029BC8F8043005F10803CC
:1028D00006EB8306766823681F44183704EB8704E9
:1028E00066600024BEE71E4A136801331360022BA2
:1028F00002DD134600221A6004B0BDE8F08100201A
:10290000174B18600AE000EB4002D118144A02EBA2
:10291000810254600133022BF5D90130072805D814
:10292000114B03EB80035C680023F4E700200BE00D
:1029300000EB400313441833094901EB83035C6047
:102940000132022AF4D901300728D5D800F1080352
:10295000054A02EB83035C680022F2E7481E002070
:102960005C1E0020691A00085C26002020B308B510
:10297000034651B1114A12783AB9114A127822B974
:10298000104A1278D2B2032A00D908BD0E4A20207C
:1029900010610A4619460D4805F007FB084B012255
:1029A0001A700B4B1B6813F0100FEED0084A136916
:1029B00043F010031361E8E7704700BF0C000020EC
:1029C000F82A0020023B002000080140F8260020E1
:1029D00000040140344B1B688B4263D330B501289F
:1029E0000CD0032807D04FF0010E012809D94FF071
:1029F000000C64462BE04FF0FF3EF6E74FF0FF3E41
:102A0000F3E7002317E0294A02EB830532F923108C
:102A1000A1F50064264A52F833100EFB041142F867
:102A20003310B5F90210A1F5006402EBC30251683E
:102A30002144516001337F2BE5D91E4B00221A54EB
:102A40002DE0A34238BF23469CB20CF1010CBCF12F
:102A50007F0F1CD8154B03EB8C0133F92C20A2F50A
:102A6000006202FB0EF213B24988A1F5006109B2BF
:102A70000F4A52F83C501D4442F83C5002EBCC0245
:102A8000556829445160002BDBDADB43D9E7B4F504
:102A9000FA6F05D30123074A115C0B43135430BD71
:102AA0000023F8E7704700BF7C090020F8260020CB
:102AB0007C050020841900202DE9F84F07464300CB
:102AC0005D4E06EB8028013306EB43265B4B18680E
:102AD000401AFDF7AFFD01464FF07E50FDF7B6FE00
:102AE0008146002414E0564D55F83400FDF7A6FD4C
:102AF0004946FDF7F7FD48F8240005EBC405686872
:102B0000FDF79CFD4946FDF7EDFD46F82400013434
:102B10007F2CE8D94B4B1B68032B0DD84A4D4B4BF0
:102B200013F80790B9F1000F08D0494B1B78002B20
:102B300043D00024002003E0464DF0E700240020AD
:102B40007F2C05D858F82410FDF7C4FC0134F7E7B2
:102B50004FF07051FDF7C6FD8246B9F1000F15D157
:102B600029464FF07E50FDF7B3FC3B1D3A4C04EB79
:102B700083046168FDF7B6FD834651462846FDF79C
:102B8000B1FD01465846FDF7A5FC6060334B1C685B
:102B90009CB9B9F1000F05D13A1D2F4B03EB82030D
:102BA000D3F804A07F2C08D8514658F82400FDF72C
:102BB0008FFC48F824000134F4E70024002004E0EE
:102BC00056F82410FDF786FC01347F2CF8D94FF01D
:102BD0007051FDF787FD804629464FF07E50FDF786
:102BE00077FC08371C4B03EB87077968FDF77AFD04
:102BF000044641462846FDF775FD01462046FDF78F
:102C000069FC05467860154B1C6854B97F2C08D8C0
:102C1000294656F82400FDF75BFC46F824000134F1
:102C2000F4E74FF480620021054805F0E6F9034B14
:102C300000221A60BDE8F88F800900207C0900207E
:102C40007C050020441E00206666663F8419002033
:102C5000201F00209A99993E4C2400203C1E002001
:102C6000754B1B6813B9754B1B7803B170472DE981
:102C7000F04F87B0FFF776FC0028C0F2078205A965
:102C800004A8FFF753FD049A6D4B9A601A619A618C
:102C90001A62059A9A621A639A631A64694B1B78DE
:102CA000002B00F0BB80684B1E78B700644C04EB2F
:102CB0000613D3F80490C4F844907D1C04EB8503FC
:102CC000D3F80480C4F84880604B93F800A04FEA22
:102CD0008A039A1C04EB82025068E064033304EB1D
:102CE0008303D3F804B0C4F850B0594B1B68009369
:102CF0001946FDF7F7FC0190E06400995846FDF78E
:102D0000F1FC83462065534B19684FF07E50FDF768
:102D10009DFD0290002E00F084800346BAF1000F62
:102D200000F08280029C9A4619464846FDF7DAFC7C
:102D30008146434E706451464046FDF7D3FCB06473
:102D400021460198FDF7CEFC8046F06421465846A6
:102D5000FDF7C8FC306541464846FDF777FD04465F
:102D60007065384B1B78002B40F091803A4B1E88E1
:102D7000B6F5967F94BF00260126384B93F87480F1
:102D8000B8F1000F53D006EB0613344A02EB83036D
:102D9000D3F83490D96C0098FDF7A4FC0299FDF7A4
:102DA000A1FC01464846FDF751FD81462B4B93F8A7
:102DB000FCA0BAF1000F3DD09B463301019306EB16
:102DC00006130BEB83030299D3F8CC00FDF78AFCC2
:102DD0000290019B1E440BEB860BDBF8C41000989D
:102DE000FDF780FC01460298FDF730FDB8F1000FB9
:102DF00036D0BAF1000F33D02146FDF769FB064605
:102E000049462046FDF764FB01463046FDF71EFDAE
:102E10004946FDF767FC0A4B586533E0FFF704FDB0
:102E200041E74FF07E5379E74FF07E547BE74FF058
:102E30000009BBE70020D9E73C1E00200C00002061
:102E40005C260020201F0020033B0020881D00205E
:102E50001000002008000020160000204C24002054
:102E6000B8F1000F0ED049462046FDF73BFC064660
:102E700021464846FDF72CFB01463046FDF7E6FCAF
:102E80009B4B58659A4A536D23F000435365984C09
:102E9000083504EB850507F1080304EB8303696833
:102EA0005868FFF735FBA065924B1B789B0003F138
:102EB0000B0204EB82020A3304EB83035168586867
:102EC000FFF726FB0146E065A06DFFF721FB0646F4
:102ED0002066894B1888FDF7B1FB8849FDF702FC95
:102EE000074687493046FDF7FDFB054603F01EFD0A
:102EF0008046284603F092FD0546D4F8549041469A
:102F00004846FDF7EFFB044625F000414846FDF733
:102F1000E9FB054600212046FDF778FD002840F03A
:102F2000B58000212846FDF771FD002840F0AE80F5
:102F300000213846FDF76AFD002840F0A780394699
:102F40002846FDF783FC834629463846FDF7CAFB31
:102F500001464FF07E50FDF779FC0090294620464F
:102F6000FDF774FC019021462846FDF76FFC0290A6
:102F700021462046FDF7B6FB804629462846FDF748
:102F8000B1FB01464046FDF7A5FA81462146FDF713
:102F90005DFC804629464846FDF758FC8146394687
:102FA000FDF754FC824649463846FDF79BFB014637
:102FB0004FF07E50FDF74AFC074649464046FDF774
:102FC00045FC039041464846FDF740FC484BC3F89A
:102FD00068B0009A5A66DC661C67019A5A67029AC2
:102FE0009A67DD67C3F884A0C3F88070C3F888804F
:102FF000C3F88C80039AC3F89020C3F89400C3F8F8
:103000009890404B1D783DB93F4B9B7B032B40D0A4
:103010003D4BDB7B022B53D0002D37D13B4958462B
:10302000FDF71CFD08B1DFF8E4B0314BC3F868B020
:1030300000210098FDF7F4FC002854D12C4B009A95
:103040005A6633492046FDF709FD00B1304C284B44
:10305000DC662E495046FDF701FD08B1DFF8ACA053
:10306000234BC3F884A000213846FDF7D9FC002883
:103070003CD11F4BC3F8807025494046FDF7EEFC5C
:1030800008B1DFF88C801A4BC3F8888007B0BDE820
:10309000F08F20493046FDF7C3FC18B11E4B0022CB
:1030A0001A70B5E74FF07F513046FDF7D7FC18B1E5
:1030B000194B01221A70ABE7174B02221A70A7E7CF
:1030C00012492046FDF7B6FC18B1144B00221A70C5
:1030D000A2E713492046FDF7B7FC00289CD00F4B10
:1030E00001221A7098E700230093A7E70027C0E7A2
:1030F0005C260020881D002016000020DB0FC94040
:1031000035FA8E3C201F00204C24002000007A4419
:1031100020BCBE4C0000C0BF1400002014260020BC
:1031200000401C464C4B1B78002B00F093802DE98F
:10313000F0414A4B1E78002E66D1494B1C78E4B210
:10314000032C5ED8474B1F5D1CB9474B1B68002BF7
:103150005CD0464B1D8805EB85056D0A00D1012525
:1031600029463846FFF736FC3B4B00221A703F4B8E
:103170001A88642303FB02F2930A3D49097821B9B6
:103180003C49096800294ED0930B002B60D03A4A85
:103190002021516134490A6801320A602B449A4265
:1031A00032D304F101082F4B13F80800FEF782FD1B
:1031B00029463846FFF780FC5FFA88F4284B1C70DC
:1031C000B8F1030F20D904222C492D4804F0DDFE6C
:1031D00000B101262B4B1E70284A136828490B604A
:1031E0000021116013F47F0F08BF0121264A1170DE
:1031F0001B0E0CBF01220022244B1A70FFF730FD7A
:1032000002E0154B00221A70BDE8F0813846FEF747
:1032100051FD4FF4806200211D4804F0EEFE174B73
:1032200000221A6095E71549C95D79B9012F06D9C1
:103230001849497C11F0010FA7D0530BA5E7B91C21
:103240000F48415C0029F3D10123A0E701239EE749
:1032500001239CE7704700BFF82A00200C000020E3
:10326000023B0020E0D600087C0900201600002068
:10327000201F00203C1E002000080140841900206F
:1032800080190020481E0020033B0020881D0020DC
:103290007C0500204C2400202DE9F04182B00C4632
:1032A00015461F469DF8206021F00048032841D0B4
:1032B000052800F08B8002281CD06C494046FDF7A1
:1032C000AFFB002861D16A494046FDF7A9FB002801
:1032D00066D168494046FDF7A3FB00286BD0204625
:1032E000FDF79AF8CDE90001634A3946284605F012
:1032F00005FE0EE05D494046FDF792FB78B12046A1
:10330000FDF78AF8CDE900015C4A3946284605F008
:10331000F5FD002E40F0A58002B0BDE8F08120460A
:10332000FDF77AF8CDE90001554A3946284605F0FF
:10333000E5FDEEE74D494046FDF772FB78B94C4993
:103340004046FDF76DFBA8B12046FDF765F8CDE9D5
:1033500000014C4A3946284605F0D0FDD9E7204601
:10336000FDF75AF8CDE90001474A3946284605F0ED
:10337000C5FDCEE72046FDF74FF8CDE90001434AF1
:103380003946284605F0BAFDC3E72046FDF744F864
:10339000CDE900013E4A3946284605F0AFFDB8E7C1
:1033A0002046FDF739F8CDE900013A4A394628466A
:1033B00005F0A4FDADE72046FDF72EF8CDE90001AC
:1033C000354A3946284605F099FDA2E72749404687
:1033D000FDF726FBC8B926494046FDF721FBF8B9A1
:1033E00024494046FDF71CFB28BB2C494046FDF70D
:1033F00017FB58B32046FDF70FF8CDE90001284A26
:103400003946284605F07AFD83E72046FDF704F8A3
:10341000CDE90001234A3946284605F06FFD78E7DB
:103420002046FCF7F9FFCDE900011F4A394628463E
:1034300005F064FD6DE72046FCF7EEFFCDE90001E5
:103440001A4A3946284605F059FD62E72046FCF73E
:10345000E3FFCDE90001164A3946284605F04EFD46
:1034600057E72846FEF758FB56E700BF000020410B
:103470000000C84200007A4468D1000830D100083A
:1034800038D1000848D1000840D1000850D10008C8
:1034900058D1000860D1000870D1000800401C46D7
:1034A00090D1000878D1000880D1000888D10008A8
:1034B00098D1000808B503F085F802F0B5FE0120A8
:1034C00002F07EFE02F08AFE4FF44870FEF72AFA00
:1034D00008BD000038B5002002F072FE0021084649
:1034E00002F0D0FF264C01222146264802F0BCFF04
:1034F000254D264B9A682649284605F033FD0021C4
:10350000042002F0CDFF01222146284602F0ACFF44
:10351000204A2149284605F025FD2846FDF704FBF1
:10352000237803FB00F0C0F18000002180B202F09C
:10353000A9FF01222146284602F096FF0F210D2007
:1035400002F0A0FF01221549154802F08DFF23214A
:10355000002002F097FF01222146124802F084FF6A
:103560006178C1F13F0189B2002002F08BFF012296
:1035700021460D4802F078FF02F030FE38BD00BF52
:10358000F8CD0008A0D10008182600204C24002007
:10359000A8D10008ACD10008B4D10008E8CD0008DB
:1035A000B8D10008C4D10008D0D1000838B50C4CFF
:1035B0000C4B1B680C4A4021204605F09FFC0B4D2C
:1035C0002878C0F180001C2180B202F05BFF01224C
:1035D0002946204602F048FF02F000FE38BD00BF39
:1035E000182600205C260020E0D10008F8CD000855
:1035F0002DE9F04F8BB0B04B1C78E700002002F0B3
:10360000DFFDAE4B1B78002B40F0608304ADAC4E69
:103610000FCE0FC596E8030085E80300A94BDB7BBE
:10362000012B00F09680022B00F08A80002B00F026
:103630008580A549002900F09080A44D284605F01A
:1036400001FD0021084602F01DFF01229A4928468B
:1036500002F00AFF9E4B1B88B3F57A7F7FD29D4A0A
:103660004021284605F04AFCDFF860824046FEF71C
:1036700094FA66080021304602F012FF01228E49BA
:10368000404602F0F1FE924B1D88B5F5967F94BF3F
:103690000025012540220021404604F0AEFC05EB48
:1036A0000512884B03EB820393F87430002B66D02D
:1036B0004F22864B1A7005EB0515824B03EB8505EF
:1036C00095F8FC30002B5CD05323DFF8008288F89B
:1036D0000130A5B2A4EBC4008030002180B202F01A
:1036E000D1FE01227449404602F0BEFEC4F1200022
:1036F000800080B2002102F0C5FE774B1B68002BD2
:1037000041D1704B5B7C13F0010F42D001226A491A
:10371000724802F0A9FE00230493714B93F80080D5
:10372000B8F1000F48D0B8F1010F6DD06D4B1B7888
:10373000012B75D06C4BDB6E049344E06B4979E749
:10374000684B1B783BB1012B01D0694972E769498D
:1037500070E769496EE769496CE769496DE71846A2
:10376000FCF76CFF6749FCF7BDFFFCF755FECDE9A0
:103770000001654A4021554805F0C0FB74E72D2241
:1037800097E72D23A1E701224B49604802F06CFE28
:10379000C1E7DFF838814FF00109CDF800904023F0
:1037A00042465149096E0420FFF776FD4A464249D8
:1037B000404602F059FEAEE74A4B1B78012B1FD062
:1037C000494B9B6E049340220021404804F015FCB5
:1037D000B8F1000F28D0B8F1010F00F0A3804C49D8
:1037E00004A8FEF767FC80466D2800F0B680012330
:1037F00000934023354A04990420FFF74DFD22E051
:10380000394BD3F88430DDE7364B1B78012B03D0DE
:10381000354B5B6E0493D6E7334BD3F88030F9E732
:10382000314BD3F8883087E73A4904A8FEF742FCC9
:103830008046752834D0012300934023234A0499FD
:103840000420FFF729FD1021002002F01BFE0122B9
:1038500031491E4802F008FE0121062002F020FE38
:103860001F4B1B78002B00F08380012B00F0C080E1
:10387000B8F1200F40F0D0800021032002F010FEAC
:1038800003A90DF10A0002F003FE122300930D2399
:10389000224ABDF80C10BDF80A0002F01DFE78E0C7
:1038A0000498FCF7B9FDCDE900011D4A4021074805
:1038B00005F024FBC7E700BFF8CD0008201F00205B
:1038C000D8B000084C24002014CE00081826002090
:1038D00016000020E0D100083C1E002010D2000895
:1038E00014000020142600205C26002000CE0008D2
:1038F00010CE00080CCE000804CE000808CE000848
:10390000A8D500086F12833A00D2000808D2000838
:1039100030D2000818D20008F0CD0008B8D6000850
:1039200020D20008974904A8FEF7C4FB80467028FF
:1039300008D0012300934023934A04990420FFF701
:10394000ABFC80E70498FCF767FDCDE900018F4AE6
:1039500040218D4805F0D2FA75E70498FCF75CFD2C
:10396000CDE90001894A4021874805F0C7FA6AE796
:10397000B8F1200F3AD0844B83F8008001235A1C01
:1039800081484821C154002383540122804902F018
:103990006BFD804B1B78002B48D048227A4B1A7065
:1039A0007D4B1B78002B43D04823DFF8DC8188F85F
:1039B00001304FF0000988F80290C5EB8530C5EB67
:1039C00080008030242180B202F05CFD0122734926
:1039D000404602F049FDA8F80090714B9B7B032BF9
:1039E00000F2CC80DFE803F026BEC2C60023C6E7A3
:1039F000B8F1200F0ED0644B83F8008001235A1CCD
:103A000061484621C154002383540122604902F0D9
:103A10002BFDBEE70023F2E75B4880F8008000231F
:103A2000437001225A4902F01FFD25E74C22B5E7F9
:103A30004C23BAE7544B4C221A70C5F18000242164
:103A400080B202F01FFD012254494F4802F00CFDE4
:103A5000544B1B78012B40F2B180534B1B78012B48
:103A600000F02C81514B9B6E0493514904A8FEF742
:103A700021FB0546DFF810810123009340234246D5
:103A800004990420FFF708FC4046FDF74DF8202D6F
:103A900002D008F800500130431CDFF8EC804822C7
:103AA00008F800204FF0000A08F803A04046FEF78F
:103AB00074F8DFF8E89099F80150C5F13F05ADB210
:103AC0002946504602F0DEFC01224946404602F0FB
:103AD000CBFC354B1B78012B00F0F480334B9B6FF4
:103AE0000493344904A8FEF7E5FA8046294638468F
:103AF00002F0C8FC294F012239462F4802F0B4FCDD
:103B0000214D4FF00109CDF8009040232A46049939
:103B10000320FFF7C1FB2846FDF706F800EB090379
:103B200005F800804FF0000805F803802846FEF7EE
:103B300034F84146304602F0B3FC4A46394628463E
:103B400002F092FC402200210F4804F056FA144B78
:103B50001B7C032B00F20782DFE813F0DE01F90182
:103B6000FD010102084B43221A7066E7064B522200
:103B70001A7062E7044B41221A705EE7024B3F2243
:103B80001A705AE728D200081826002020D2000810
:103B9000E8CD0008033B0020881D0020F8CD000878
:103BA0004C24002014000020142600205C26002055
:103BB00018D200082CD200083CD20008B84B1B7861
:103BC000012B73D0B74B1B6F0493B74904A8FEF7C2
:103BD00071FA8246DFF8D49299F80150C5F13F0599
:103BE000ADB22946002002F04DFC01224946B04802
:103BF00002F03AFCDFF8BC824FF0010BCDF800B0C8
:103C00004023424604990320FFF746FB4046FCF759
:103C10008BFF00EB0B0308F800A04FF0000A08F838
:103C200003A04046FDF7B9FF5146304602F038FC8C
:103C30005A464946404602F017FC994B1B785B45B3
:103C400038D0984B9B6F04939B4904A8FEF732FA37
:103C500080462946384602F015FC944F0122394629
:103C6000964802F001FC934D4FF00109CDF8009009
:103C700040232A4604990320FFF70EFB2846FCF751
:103C800053FF00EB090305F800804FF0000805F82A
:103C900003802846FDF781FF4146304602F000FCD4
:103CA0004A463946284602F0DFFB4BE77D4BD3F806
:103CB0008C3089E77B4BD3F89430C4E7794BD3F849
:103CC0008430D1E6774BD3F8943009E75A1ED2B24C
:103CD000012A3FF637AF012B35D0794A794B5B6823
:103CE000744DC3F103034021284605F007F9002174
:103CF000084602F0C7FB01227349284602F0B4FBD4
:103D0000684B5E6C00213046FCF79EFEE8B10396DE
:103D1000644BDD6C00212846FCF796FEB8B1049593
:103D20006A4B93F80080B8F1010F12D06849304611
:103D3000FCF794FEF8B94FF07E512846FCF770FE70
:103D4000B8B9012318E0634AC8E70026DFE7002579
:103D5000E5E761493046FCF763FE30B95F49284624
:103D6000FCF77CFE18B1002306E0002304E00123E9
:103D700002E0002300E00023002B00F0BF80584B3E
:103D80001B88B3F57A7F7AD2564A4021494805F01C
:103D9000B5F84848FDF701FF4B4D69780831002020
:103DA00002F070FB434E01222946304602F05CFBD4
:103DB0003D4903A8FEF77EF98046DFF8F09099F8B8
:103DC0000150C5F13F05ADB22946002002F05AFB73
:103DD00001224946444802F047FB01230093402357
:103DE000324603990320FFF757FA3046FCF79CFE52
:103DF000B8F1200F02D006F800800130DFF8B4805F
:103E0000002608F800604046FDF7C7FE3146042052
:103E100002F046FB254E01223146404602F024FBCB
:103E2000324904A8FEF746F981462946384602F091
:103E300029FB012231462E4802F016FB0123009394
:103E40004023424604990320FFF726FA4046FCF738
:103E50006BFEB9F1200F02D008F800900130154D2B
:103E600000262E542846FDF798FE3146042002F025
:103E700017FB01220D49284602F0F6FA62E61846C1
:103E8000FCF7DCFB1B49FCF72DFCFCF7C5FACDE980
:103E90000001194A4021074805F030F879E700BFD2
:103EA000142600205C26002030D20008F8CD00083F
:103EB00038D20008182600202CD200083CD2000876
:103EC000E4D10008D41D0020E8CD0008201F002008
:103ED000CDCCCC3EF4D100080000614417B7513876
:103EE0001600002040D2000860D2000818D2000856
:103EF00064D200086F12833A48D20008B8F1010F6B
:103F000007D0FEF79BFA1A4B1A4A07CA83E8070044
:103F100042E7FEF76BFAF6E7154B20221A70164DB2
:103F20006978C1F13F01C4F1800089B280B202F02A
:103F3000A9FA012229460E4802F096FA02F04EF93B
:103F40000E4A1368013313600BB0BDE8F08F084BC5
:103F500041221A70E3E7064B42221A70DFE7044B56
:103F600044221A70DBE7024B45221A70D7E700BFE4
:103F70001826002054D20008F8CD0008401E00206A
:103F80007047000008B53F4A136823F0070343F069
:103F9000020313603B4B1B6803F00703022BF9D1AC
:103FA000394A136843F480331360374B1B6813F4AA
:103FB000003FFAD0344A536A43F001035362324B54
:103FC0005B6A13F0020FFAD02F4A536823F47C1374
:103FD00043F4E8135360136843F0807313602A4B73
:103FE0001B6813F0007FFAD0274B5A6822F0F002CA
:103FF0005A605A6822F4E06242F480625A605A6859
:1040000022F460525A605A6822F0030242F002021F
:104010005A601D4B5B6803F00C03082BF9D11B4859
:10402000FDF796FC184A536823F4404343F40043D9
:104030005360FDF7B7F8164B1868FDF763FC154B96
:10404000DA68C2F30222C2F10703042B28BF04235B
:104050001946131D062B13D9033A4FF0FF338B403B
:10406000DB4303F0040393401B01DBB2094A82F8EF
:1040700023304FF0E022136943F00203136108BDBF
:104080000022EAE7002002400010024000A24A0499
:104090001C00002000ED00E01B4B1A6822F010020B
:1040A0001A60DA6822F01002DA609A6822F01002D0
:1040B0009A605A6822F010025A6010225A611A68F7
:1040C00042F010021A60114BDA68C2F30222C2F108
:1040D0000703042B28BF04231946131D062B10D9F0
:1040E000033A4FF0FF338B40DB4303F0050393406B
:1040F0001B01DBB2064A82F80A334FF48063136077
:1041000070470022EDE700BF0004014000ED00E031
:1041100000E100E02DE9F04F8DB000230A930B93EE
:10412000099304930593069307930893AB4A136886
:1041300023F001031360AA4B9A6942F004029A61CA
:104140009A6902F004020392039A9A6942F4007297
:104150009A619A6902F400720292029AA14C216853
:1041600040F2011595FAA5F2B2FA82F292000F2000
:1041700000FA02F221EA020295FAA5F5226040F265
:10418000022595FAA5F1B1FA81F1890000FA01F151
:1041900022EA010295FAA5F5226093498A6822F085
:1041A00001028A6001F580618A6822F001028A605A
:1041B0005A6942F001025A615B6903F001030193FD
:1041C000019B8A4B9A6822F001029A609A6822F455
:1041D000804222F010029A609A6822F4405242F41F
:1041E00000529A609A6842F020029A609A6822F01F
:1041F00040029A609A6842F080029A609A6822F4BB
:10420000407242F400729A609A6822F4406242F46A
:1042100000629A60764A1A61764A5A61DA68120C2C
:10422000120442F48072DA6001225A609A6842F005
:1042300008029A609A6842F004029A609A6842F012
:1042400002029A606C4BDA68C2F30222C2F10703E1
:10425000042B28BF04231946131D062B40F2BB80F4
:10426000033A4FF0FF338B40DB4303F003039340EB
:104270001B01DBB2614A82F80B334FF40063136019
:1042800000240A940B94584E0AA93046FDF770F9A1
:104290004FF48033099309A93046FDF74DF94FF4E7
:1042A000002304930594069407944FF480730893B5
:1042B00004A93046FDF770F951494FF4407999FA55
:1042C000A9F3B3FA83F34FF4007A2AFA03F351F80F
:1042D000232022F01F0241F8232020394FF0007BD9
:1042E0009BFAABF3B3FA83F32BFA03F351F82320D1
:1042F0004FF0F87595FAA5F022F0070295FAA5F0AF
:1043000042F0060241F82320354B9A6942F480625C
:104310009A619B6903F480630093009B0A940B9459
:10432000384F0AA93846FDF723F94FF46023049368
:10433000059406944FF00208CDF81C80089404A957
:104340003846FDF729F9304A99FAA9F9B9FA89F9F5
:104350002AFA09F952F8293023F01F0343F0010328
:1043600042F8293029489BFAABF3B3FA83F32BFACE
:1043700003F350F8232095FAA5F1B1FA81F14FF437
:10438000401424FA01F14FF0070C0CFA01F122EA73
:10439000010295FAA5F5B5FA85F524FA05F5062486
:1043A00004FA05F5154340F82350B36843F00103C0
:1043B000B360BB6843F00103BB604046FDF7B2FA4F
:1043C000134B1A68B36843F00403B360BB6843F04F
:1043D0000403BB6024E0002243E700BF0004004068
:1043E000001002400008014000240140000002408B
:1043F0004C2401408819002000ED00E000E100E0BD
:104400002C240140002801402C2801400C280140A8
:10441000582600201C4B1B689B1A632B0AD830BF00
:104420001A4B9B6813F0040FF4D1194B9B6813F0DF
:10443000040FEFD10220FDF775FA154A936823F0B7
:1044400001039360114B996821F0010199601148B3
:10445000816841F0010181606FF002011160196013
:10446000916841F001019160996841F00101996002
:10447000916841F4A00191609A6842F480129A60B8
:104480000DB0BDE8F08F00BF582600200024014089
:10449000002801400000024030B589B03E4A53690F
:1044A00043F001035361536903F001030293029B3C
:1044B0003A4C236B23F001032363236B23F48043E3
:1044C00023F0100343F010032363236B43F44053A2
:1044D0002363236B43F020032363236B23F0400308
:1044E0002363236B43F080032363236B23F4407324
:1044F00043F480732363236B23F4406343F48063AA
:104500002363274BE363274BA363636B1B0C1B04E1
:1045100043F04003636300230393049305930693DE
:104520000793D36943F00203D361D36903F0020315
:104530000193019B1C4B1A8891011C4B5B6803EB98
:104540004213B3FBF1F3013B0593194D03A9284630
:10455000FDF73AF92B6843F080032B60AB6823F436
:10456000804323F00703AB606B6823F0700343F0D4
:1045700020036B60AB6823F08003AB60EB6843F40F
:104580008073EB60236B43F0010323632B6843F0DC
:1045900001032B6009B030BD001002400000024052
:1045A000942500200C0C014016000020241F002040
:1045B0000004004030B591B0002309930A930B9397
:1045C0000C930D930E930F93049305930693079307
:1045D00008936C4CA36943F48043A361A36903F47B
:1045E00080430393039BA36943F00403A361A3697E
:1045F00003F004030293029B634B04930923059386
:1046000002230693614D04A92846FCF7F0FF604B96
:104610000493082305930123089304A92846FCF773
:10462000E6FF636943F001036361636903F001031B
:104630000193019B574B5A6C22F001025A645A6C49
:1046400022F4804222F0100242F010025A645A6CA6
:1046500022F440525A645A6C22F020025A645A6C76
:1046600022F040025A645A6C42F080025A645A6C3A
:1046700022F440725A645A6C22F440625A644FF435
:1046800080525A605A6C42F008025A645A6C42F0E6
:1046900002025A64404BDA68C2F30222C2F10703F5
:1046A000042B28BF04231946131D062B67D9033A90
:1046B0004FF0FF338B40DB4303F0020393401B01B9
:1046C000DBB2364A82F80E334FF480431360344B2A
:1046D0009B68099300230A930B930C930C220D9271
:1046E0000E930F932F4C09A92046FDF7A5F82369D7
:1046F00023F490432361636923F02A0363612A4A08
:1047000052E8003F43F0800342E800310029F6D12F
:10471000244B1A680092009A5A680092009A6FF02F
:1047200020021A60214951E8003F43F0200341E88C
:1047300000321146002AF5D1174BDA68C2F3022283
:10474000C2F10703042B28BF04231846131D062BB0
:1047500000D9D11E4FF0FF338340DB4303F0010348
:104760008B401B01DBB20D4A82F8253320235360B6
:104770000C4AD36843F40053D36011B030BD00221B
:1047800096E700BF0010024002000204000801404A
:10479000040004040000024000ED00E000E100E03D
:1047A0004C24002000380140143801400C380140EE
:1047B0002DE9F0418CB000260796089609960A96D6
:1047C0000B96564B9A6942F004029A619A6902F07C
:1047D00004020692069A9A6942F008029A619A695E
:1047E00002F008020592059A9A6942F010029A6155
:1047F0009A6902F010020492049A9A6942F0200227
:104800009A619B6903F020030393039B444D4FF08F
:104810000408C5F814804FF480736B6120236B612A
:1048200040236B6180236B613E4CFF236361012752
:104830000897022309930B9740F20443079307A9B3
:104840002846FCF7D4FE384B079307A92846FCF707
:10485000CEFE42F22003079307A92846FCF7C7FEC5
:1048600044F24003079307A92846FCF7C0FE48F22C
:104870008003079307A92846FCF7B9FE0323099391
:104880004FF6FF73079307A92046FCF7B0FE0A9680
:1048900041F21003079307A92846FCF7A8FECDF8BC
:1048A000288040F60803079307A92846FCF79FFED7
:1048B000082308930B971D4B079307A92046FCF785
:1048C00096FE1B4B079307A92046FCF790FE194B59
:1048D000079307A92046FCF78AFE4FF49033A361A3
:1048E0004FF40052A261A361A3690293029B4FF4AB
:1048F000A033A3614FF48042A261A361A369019335
:10490000019B4FF4C033A3614FF40042A261A36145
:10491000A3690093009B0CB0BDE8F0810010024039
:1049200000080140000C01400100010420002004A7
:10493000400040048000800408B54FF49670FDF7F5
:10494000D1F808B56420FDF7CDF808B56420FDF76F
:10495000C9F808B56420FDF7C5F808B56420FDF76F
:10496000C1F870477047704710B5FCF7F5FB494B2D
:104970001A6801321A601868002328E003EB43022A
:10498000D100454A0A44926801323BE0002203EB21
:1049900043014FEAC10C404961448A60C96849B982
:1049A0001D2A07DD3C4A62440021117511615175D1
:1049B000D0600BE009B1002A2ADD002943D0411A5A
:1049C00003EB4302D400344A224411610133022B29
:1049D00049D803EB4301CA002F4989580029F5D073
:1049E00003EB43024FEAC20C2B4A624454688A68C4
:1049F000D24302EA142292B2002ABFD1264A62446C
:104A00009268013A002AC1DB1E2AC0DD1E22BEE7E1
:104A100003EB4302D400204A2244527D3AB11E4A9D
:104A20002244002111611175D1605175CEE7411A00
:104A300003EB4302D400184A22441161012111758D
:104A40000021D160C2E703EB4302D100124A0A44BD
:104A5000527D002ABAD0104A0A4400211161117512
:104A6000D1605175B2E70D4B1B68002B03DD0B4A7B
:104A70001368013B13600A4BD3F80824D3F80834B9
:104A800001339A4205D2064AD2F808340133C2F8FB
:104A9000083410BD582600208C1D0020180000206E
:104AA0003C1F002008B5124B1B6813F0080F02D002
:104AB0000F4B08225A600E4B1B6813F0040F05D1F0
:104AC0000B4B1B6813F0020F09D108BD4FF40071A6
:104AD0000848FDF74BFF064B04225A60F0E74FF4FD
:104AE00000710548FDF742FF014B02225A60ECE7D6
:104AF0000000024088190020881B0020074B5A6CD8
:104B000022F001025A644FF400425A604FF480428E
:104B10005A604FF400525A60704700BF00000240D4
:104B200082B0124BD3F8003407E0104AC2F80034C8
:104B30000021C2F80814D2F804240D4A126812F0B9
:104B4000200F0AD00A4A5268D2B20849CA54013327
:104B5000B3F5806FE9D30023E7E7054B1A680192AC
:104B6000019A5B680193019B02B070473C1F0020D3
:104B70000038014008B5064B5B6913F0100F00D1F7
:104B800008BDFEF7CFFA024B10225A61F8E700BFCA
:104B90000004014010B4184B1C6815E004460133B2
:104BA000022B0ED803EB4302D100144A0A44D26808
:104BB000002AF3D1114A0A44127D002AEFD004469C
:104BC000EDE7001BC72804D830BF0B4B1868002343
:104BD000E6E7002102290CD801EB4103DA00074B7C
:104BE000134400225A759A60DA601A751A6101310D
:104BF000F0E710BC704700BF582600208C1D002035
:104C000008B5924BDB68ABB1904B5B6A93B18F4BAD
:104C1000DB6B7BB98D4B1B69B3F5487FC0F08A8095
:104C20008A4B9B6AB3F5487FC0F08480FDF762F839
:104C3000FCF73EFF854BDB68002B5BD0844B1B7879
:104C4000002B6BD1814BDB6833B1804B5B6A1BB9A6
:104C50007E4BDB6B002B6ED07C4B1B7D002B7ED103
:104C60007A4BDB683BB9794B5B6A23B1774BDB6BE3
:104C7000002B00F08380754B93F82C30002B40F014
:104C80009380724BDB683BB9704B5B6A23B96F4B07
:104C9000DB6B002B40F0AC806C4B93F84430002B66
:104CA00048D06A4B93F84530002B43D10123674A23
:104CB00082F84530674A1370674A537C83F00103DA
:104CC000537413F0010309D1927B0132D2B2032A4B
:104CD00000D81346604A9373604A137000235D4AFC
:104CE00013705F4A41F2883111605E4A1360FEF72B
:104CF0007FFC1FE0554B5B6A002B9FD0534BDB6B57
:104D0000002B9BD0514B9B6AB3F5487F12D34F4B7E
:104D10001B6CB3F5487F0DD3FCF7CAFE002307E0F8
:104D200003EB4302D100494A0A44012151750B4467
:104D3000022BF5D908BD454B1B69B3F5FA7FF9D3B2
:104D4000424B5B7D002BF5D1404B01225A75FDF79C
:104D50004DFB444B00221A60FEF74AFCEAE73B4B4E
:104D60005B7D002BE6D1394B01225A753D4A136811
:104D700083F001031360FEF73BFCDBE7334B9B6AD8
:104D8000B3F5FA7FD6D3314B93F82D30002BD1D128
:104D90002E4B012283F82D20FDF750FB314B0022D2
:104DA0001A60FEF725FCC5E7284B93F82D3003F079
:104DB000FF02002BBED10123244981F82D30254963
:104DC0000B70254BDB7B0133DBB2022B00D81A467C
:104DD000214BDA73244B1A7000231E4A1370204AA9
:104DE00041F2883111601F4A1360FEF701FCA1E710
:104DF000164B1B6CB3F5FA7F9CD3144B93F84530DC
:104E0000002B97D10123114A82F84530114A1370C3
:104E1000114B9B89B3F57A7F13D00F4B4FF47A7205
:104E20009A810D4B9889FDF74DFA0023094A1370BA
:104E30000B4A41F2883111600A4A1360FEF7D8FB31
:104E400078E7054B64229A81EBE700BF8C1D0020B8
:104E5000201F00200C0000204C2400201400002003
:104E6000180000203C1E002014260020F8B51A4B24
:104E70005F6C17F0010729D10A2003F01BFE3D46A5
:104E80001BE005EBC412154B53F82200FBF7C4FAE4
:104E900002460B46124803F0F5FD0134062CF0D90A
:104EA00005F560750D4B53F82500FBF7B5FA024682
:104EB0000B460C4803F0E6FD35467F2D09D86E1CE5
:104EC0003146094803F0DEFD3C46E7E74FF0FF308E
:104ED00000E00020F8BD00BF000002408009002073
:104EE0006CD2000874D2000868D20008F8B5114BE3
:104EF0005B6C13F0010F1AD10F4D2E460F4B46F885
:104F0000063B4FF480573A460D49304603F04DF8C2
:104F10000024AC803A4631462046FCF745FDA88087
:104F200041F206012846FCF77FFE2046F8BD4FF00F
:104F3000FF30FBE700000240FC2A002096196219AE
:104F400080090020AF4B5B6C13F0010F40F08381B0
:104F50002DE9F04FADB041F206020021AA4803F05E
:104F60004CF8AA4B5C6C00212046FBF76DFD002835
:104F700000F06D8129942046FCF794FE2990A44905
:104F800029A8FDF797F81D90A04BDC6C0021204666
:104F9000FBF75AFD002800F05C812A942046FCF7BC
:104FA00081FE2A909B492AA8FDF784F80746974C72
:104FB000636D2B93DFF858B259462BA8FDF77AF8AA
:104FC0001E90914E3046FBF7AFFDD4F86080924BB7
:104FD000B3F800A0C0F5805909F1060985191E9B98
:104FE0000C932B98FBF718FACDE90A014046FBF722
:104FF00013FACDE9080106972A98FBF70DFACDE9D7
:1050000004011D9B02932998FBF706FACDE90001E4
:105010005346824A4946284603F070FFA36E259303
:10502000636E2693E36E2793236F2893636F299310
:10503000A36F2A93E36F2B93794F394625A8FDF789
:1050400039F81D90DFF8DC91494626AB1846FDF78C
:1050500031F81E90594627AB1846FDF72BF81F90E4
:10506000594628AB1846FDF725F82090594629AB3C
:105070001846FDF71FF82190DFF8ACA151462AAB86
:105080001846FDF717F8229059462BAB1846FDF746
:1050900011F823903046FBF747FDC0F5805808F122
:1050A00006088519239B1A932B98FBF7B5F9CDE9D0
:1050B0001801229B16932A98FBF7AEF9CDE914014B
:1050C000219B12932998FBF7A7F9CDE91001209BAA
:1050D0000E932898FBF7A0F9CDE90C011F9B0A93CA
:1050E0002798FBF799F9CDE908011E9B06932698AE
:1050F000FBF792F9CDE904011D9B02932598FBF77C
:105100008BF9CDE90001494A4146284603F0F6FEF5
:10511000D4F884302593D4F880302693D4F888309E
:105120002793D4F88C302893D4F890302993D4F86E
:1051300094302A93D4F898302B93394625A8FCF75D
:10514000B9FF1D90494626AB1846FCF7B3FF1E90E9
:10515000594627AB1846FCF7ADFF0746594628AB22
:105160001846FCF7A7FF8046594629AB1846FCF7BE
:10517000A1FF814651462AAB1846FCF79BFF8246A9
:1051800059462BAB1846FCF795FF83463046FBF794
:10519000CBFCC0F5805506358419CDF868B02B9846
:1051A000FBF73AF9CDE91801CDF858A02A98FBF79A
:1051B00033F9CDE91401CDF848902998FBF72CF983
:1051C000CDE91001CDF838802898FBF725F9CDE915
:1051D0000C010A972798FBF71FF9CDE908011E9BE0
:1051E00006932698FBF718F9CDE904011D9B02935D
:1051F0002598FBF711F9CDE900010D4A2946204613
:1052000018E000BF00000240FC2A00205C260020BD
:1052100030D2000818D20008160000207CD2000806
:10522000D8D20008DCD200082CD20008E4D2000852
:1052300050D3000803F062FE3046FBF775FC0146D0
:105240003046FCF7F1FC00202DB0BDE8F08F0024C3
:1052500090E60024A1E64FF0FF30704708B5094BF7
:105260001B7C022B07D0032B08D0012B00D008BDDC
:10527000FFF7FCFDFBE7FFF739FEF8E7FFF762FEFB
:10528000F5E700BF4C240020002800F04D832DE9F5
:10529000F0478CB00C460546002900F0A882002695
:1052A00004E003F071FFC0B238700136A6420BD2A1
:1052B000AF19A85D0928F4D12020F5E7013C22466A
:1052C000691C284602F07FFE14B12B78202BF5D9FB
:1052D0003CB1631EEA5C202A03D80022EA541C4633
:1052E000F6E7002C00F0838200272F55BC4204D93A
:1052F000EB5D202B01D90137F8E70023EB5507F1CF
:105300000108A04502D8E41B013C00E0002400266F
:10531000B14600E0013606EB46039B4A52F82310E3
:1053200099B102EB830393F808A0BAF1000F0CD0F7
:105330003A46284603F08EFE0028EBD1B9F1000F63
:1053400001D1D146E6E74FF0000904B9B846A844B8
:1053500009F1FF39B9F10F0F00F2E182DFE819F02E
:105360001000100042003B009800AA00F101450225
:105370004A02BC004001A201DF02DF02A602AB022A
:1053800000252C4600E0013404EB44037E4A52F829
:10539000230048B102EB83031B7A2BB1FBF7C4FB5C
:1053A000A842F0D90546EEE7784803F005FC002452
:1053B00004EB4403744A52F82320002A00F01782B9
:1053C0001946714B03EB81035B682946704803F073
:1053D00059FB0134ECE76F4803F0EEFBFCF78AFC65
:1053E000FCF766FBF4B1002307930A2207A94046A5
:1053F00003F0C0FE044602F0D5FB0368002B19DC65
:10540000079B434516D0B4F5E13F13DBB4F5612F9C
:1054100010DCB4F5612FA8BF4FF461245E4B9B688C
:10542000A3420CD15C4B99685C4803F02BFBFEF760
:10543000DFF8DCE141465A4803F024FBD7E1564B44
:105440009C60584BDB6803EB830303EB8303A400EE
:10545000B3FBF4F35448A0FB032149090A0192B2BB
:10546000642404FB11331B013233A0FB0313C3F389
:105470004F1303F0F0010A4492B203F00F031344F8
:105480009BB24A4A93604A4B41F288321A60C9E79C
:10549000484B1B7853B9484803F08EFBFCF7A6FF36
:1054A000464B00221A60FEF7A3F8A0E1444803F03F
:1054B00083FB9CE13F4B1B7853B9424803F07CFBD4
:1054C000FCF7BCFF3D4B00221A60FEF791F88EE11D
:1054D0003B4803F071FB8AE1A4B92F4B9B89B3F5DC
:1054E0007A7F41D2384A4021384803F007FD374CD3
:1054F0002046FCF752FB2146354803F0C3FAFEF77D
:1055000077F874E1002307930A2207A9404603F0C5
:1055100031FE044602F046FB0368002B1CDC079BAF
:10552000434519D0632C17DD42F210739C4213DC03
:1055300042F21070A042A8BF204680B2164B9B8951
:105540008342CAD0144B98811A4B1B784BB1184B2D
:1055500041F288321A60C0E741461E4803F092FAD1
:1055600045E1FCF7AFFEF2E71846FBF767F81A498A
:10557000FBF7B8F8FAF750FFCDE90001174A4021D0
:10558000124803F0BBFCB2E7E4D6000814D40008CC
:1055900050D400085CD400084C24002094D40008A7
:1055A00074D40008241F00201F85EB5100380140EF
:1055B00018000020201F0020ACD400083C1E002052
:1055C000A4D40008C8D4000808D500081826002074
:1055D00010D50008E8D400086F12833A48D20008BA
:1055E0009CB122469249404603F034FDD0B9914B1C
:1055F00002229A738F4B9A7B8F4B1A708F4B41F21A
:1056000088321A608E4B00221A6007AC8D4B0FCB8C
:1056100084E80F00874B9B7B032B34D8DFE803F033
:105620003E2B3A3C22468849404603F013FD28B100
:1056300022468649404603F00DFD18B97D4B0022F5
:105640009A73D7E722468249404603F003FD18B912
:10565000784B01229A73CDE722467E49404603F0FB
:10566000F9FC18B9734B03229A73C3E741467A4891
:1056700003F008FABBE0764991B1784803F002FAEA
:10568000FDF7B6FFB3E001236A4A93736A4A1370C9
:105690006D49F1E76649EFE76E49EDE76A49EBE7E7
:1056A0006F49EAE79CB122466E49404603F0D2FCBE
:1056B00000BB604B0022DA735E4BDA7B6A4B1A70D8
:1056C0005E4B41F288321A605D4B00221A6007ACD3
:1056D000664B0FCB84E80F00564BDB7B012B22D0AF
:1056E000022B22D04BB30023524AD3735E4A13706D
:1056F0005C491BE022465E49404603F0ABFC18B90A
:105700004C4B0122DA73D7E722465249404603F058
:10571000A1FC18B9474B0222DA73CDE74146554840
:1057200003F0B0F963E0524900E04A4939B1524808
:1057300003F0A8F9FDF75CFF59E04A49F6E748494C
:10574000F5E764B122464D49404603F083FCA0B919
:10575000384B00221A74394B41F288321A6007AC78
:10576000474D0FCD0FC42B682360324B1B7C032B9E
:105770002ED8DFE803F03625323422464149404630
:1057800003F068FC18B92B4B01221A74E3E7224698
:105790003D49404603F05EFC18B9264B02221A74BC
:1057A000D9E722463949404603F054FC18B9214B49
:1057B00003221A74CFE74146354803F063F916E037
:1057C000304981B1334803F05DF9FDF711FF0EE078
:1057D000184B00221A742949F3E72B49F1E72B49AA
:1057E000EFE72649EDE71E49ECE7FFF7ABFB0CB00E
:1057F000BDE8F087284B1B7893B9114C236883F0E0
:1058000001032360254803F03DF9002002F08EFAE1
:1058100023684BB1224803F0CFF9FDF7E9FEE6E734
:10582000204803F0C9F9E2E71F4803F0C5F9F4E79F
:1058300030CE00084C240020140000201800002066
:105840003C1E0020F0B0000818CE00082CD500083F
:1058500024CE00083CCE000834D5000854D50008FA
:10586000A8D5000844CE00081426002000B1000886
:105870004CCE000864D5000880D50008B8CF0008D9
:1058800010B1000860CE000868CE000870CE000895
:1058900090D50008ACD50008201F0020BCD500081A
:1058A000C8D50008A4D40008D0D500081F4803F0CC
:1058B00083F9FCF7FDF81E4B1B7813B31D4A1C4BF4
:1058C0005B7803B31C4B1A498978F1B11B4818491E
:1058D000C978E1B11A4C16490979D1B1194D144969
:1058E0004979C1B1184E12498979B1B1174904916A
:1058F00003960295019400901549164803F0C2F8EA
:1059000075E7154ADBE7154BDDE71548DFE7154C72
:10591000E1E7154DE3E7154EE5E71549E7E72946C9
:10592000144803F0AFF862E7704700BFD8D500080D
:10593000341F0020C0D30008C8D30008D0D300080B
:10594000DCD30008ECD30008FCD300080CD400081A
:10595000ACD10008E8D50008BCD30008C4D30008C7
:10596000CCD30008D4D30008E4D30008F4D3000853
:1059700004D4000814D600082DE9F843434B5E6CAC
:1059800016F0010616D1424BD3F80054D3F8044464
:10599000D3F8082440F6B7339A4205D9A5420FD16F
:1059A0003B4BD3F80C355BB9A54207D0384BD3F845
:1059B0000C7525E0364B0022C3F80824BDE8F883B7
:1059C000334BC3F804540022C3F80C25F6E7C4F5A2
:1059D000806319E02E4BC3F804540022C3F80C2551
:1059E000ECE78B423FD92A4B0022C3F8082403F28C
:1059F0000C43C91A3FD1264B0022C3F80C25374669
:105A0000AC42DBD0E3D82B1B002BD7D0C7F5807876
:105A1000984528BF9846B8F1000FDBD0DFF87090AA
:105A200007F581604844424609EB0401043002F066
:105A3000BCFA4744C9F80C754444B4F5806F00D3F0
:105A400034461349C1F8044401F20C41114B3B4464
:105A50008B42C6D90A780D2AC3D00A2AC1D0002A9F
:105A6000BFD00131F2E7FE2FCAD9094B0022C3F89B
:105A70000C253746C4E7A3F20C40431883F80C24E6
:105A800000F20C40FFF700FCB5E700BF0000024049
:105A90003C1F002048230020F8B5AF4B5C6C002170
:105AA0002046FAF7D1FF80B1AB4BDD6C00212846D0
:105AB000FAF7CAFF58B1A94B1B78012B09D0022B6A
:105AC00000F0AD80FDF794FDF8BD0024ECE7002563
:105AD000F1E7A3492046FAF7A3FF0028F2D1A14934
:105AE0002846FAF7BBFF0028ECD10024072C0DD87C
:105AF000994B03EB84039C4DA61C596855F826006E
:105B0000FAF7E8FC45F826000134EFE70025072DF9
:105B100020D805F10802904B03EB820393495868A3
:105B2000FAF7E0FD074600F001FF01468E4C6E1DBE
:105B300054F83600FAF7CEFC44F83600384600F048
:105B40006DFF014604EBC6046068FAF7C3FC6060B1
:105B50000135DCE7864B41F288321A60824B5E6881
:105B600001365E60032EADDD1D68002413E0A21C2B
:105B70007D4B53F822703046FAF760FD01463846F7
:105B8000FAF764FE05EB051323440C33794A02EB64
:105B9000830358600134072CE9D9002413E0631D06
:105BA000714A02EBC3033146586800F071FF724935
:105BB000FAF798FD05EB0513234414336D4A02EB05
:105BC000830358600134072C0BD8631D664A52F8D2
:105BD000336000213046FAF719FF0028DFD067480C
:105BE000E8E705EB0512634B03EB8203012283F820
:105BF00074201544954205D9614802F0DDFFFCF799
:105C0000D1FB5FE7584C68220021204602F0F5F9ED
:105C100025605C4B33F81500FCF754FB52E75A49FA
:105C20002046FAF71BFF00287FF44CAF4FF07E515F
:105C30002846FAF7F5FE00287FF444AF0024072C2D
:105C40000DD8454B03EB8403474DA61C596855F806
:105C50002600FAF73FFC45F826000134EFE700255F
:105C6000072D20D805F108023B4B03EB82033F4987
:105C70005868FAF737FD074600F058FE01463A4CDF
:105C80006E1D54F83600FAF725FC44F83600384605
:105C900000F0C4FE014604EBC6046068FAF71AFC83
:105CA00060600135DCE7324B41F288321A602E4BDE
:105CB0005E6801365E60032E7FF704AF1D68002426
:105CC000072C14D8A21C284B53F822703046FAF740
:105CD000B5FC01463846FAF7B9FD05EB0513234438
:105CE0002E33244A02EB830358600134E8E7002492
:105CF00013E0631D1C4A02EBC3033146586800F0F1
:105D0000C7FE1D49FAF7EEFC05EB051323443633B5
:105D1000184A02EB830358600134072C0BD8631D2B
:105D2000114A52F8336000213046FAF76FFE00281E
:105D3000DFD01248E8E705EB05120E4B03EB8203B8
:105D4000012283F8FC201544954221D90F4802F026
:105D500033FFFCF727FBB5E65C260020201F002060
:105D60000000614417B75138D41D002035FA8E3C2D
:105D7000180000204C240020E02E65420000C07F67
:105D800034D60008DCD60008CDCCCC3E54D6000872
:105D9000064C68220021204602F02FF92560044BB2
:105DA00033F81500FCF78EFA8CE600BFD41D0020F6
:105DB000DCD6000870B588B0994A936943F00103B6
:105DC0009361936903F001030793079BD36943F041
:105DD0008053D361D36903F080530693069B9149A6
:105DE0004B6823F0E06343F000734B608E4B5968BF
:105DF00041F480715960596841F4007159605968E3
:105E000041F480615960596841F4006159605968F2
:105E100041F480515960596841F400515960596802
:105E200041F400415960596841F480315960596822
:105E300041F4804159607D48C16821F4E061090462
:105E4000090C7B4B0B43C360516AC1F3C061794BB2
:105E50001970516AC1F380615970516AC1F30071C0
:105E60009970516AC1F34071D970516AC1F3807160
:105E70001971516AC90F5971916801F00101997145
:105E8000536A43F0807353626B4BA2F582321A60FF
:105E90006A4959609A6101F12011D9611A63684A0F
:105EA0005A63684C684B63604FF4E133A3604FF46E
:105EB0007A73A3810123A3730223E3730023237462
:105EC000624B4FF0FF321A60FBF78EFDFBF732F9A1
:105ED000FEF758F85E48FBF767FCFEF769FCFBF736
:105EE0005DFFA368B3F5E13F6DD3B3F5612F28BF24
:105EF0004FF46123534CA360FEF75CFB554B1B78BA
:105F0000DBB2554AD05C554B1860FBF7D3FE616895
:105F10004FF07E50FAF79AFC514B1860A27B514B20
:105F20001A70E27B504B1A704FF072514F48FCF7D9
:105F3000A7F8A089FCF7C6F93E4B1B78002B45D08B
:105F40004B4A3C4B5B78002B42D04A4B394989780D
:105F500000293FD048493748C07800283CD04748FE
:105F6000344C2479002C39D0454C324D6D79002DBC
:105F700036D0444D2F4EB679002E33D0424E049683
:105F800003950294019000914049414802F07AFD46
:105F9000FDF790FAFEF7FEFDFDF79CFAFEF77CF8A0
:105FA000FEF7B8F8FEF778FA0024132C00F2988078
:105FB000214BDB68C3B9204B1B7DABB96420FBF7D9
:105FC000B1FC0134F1E74FF4E13393E7314AB8E72C
:105FD000314BBBE73149BEE73148C1E7314CC4E73B
:105FE000314DC7E7314ECAE7FEF7D4FD304B1C6890
:105FF0006BE001200133022B5CD800285AD103EB5F
:1060000043010D4A02EBC102D268002AF1D10A4ACB
:1060100002EBC102127D002AECD00120EAE700BFAA
:106020000010024000000140002004E000ED00E00C
:106030000003FA05341F00208C1D002020002004DE
:10604000800080044C24002000007A445C1E002064
:10605000241F0020023B0020E0D600085C26002020
:106060001000002014000020142600204C1E0020E8
:10607000C0D30008C8D30008D0D30008DCD3000880
:10608000ECD30008FCD300080CD40008ACD1000805
:1060900074D60008BCD30008C4D30008CCD30008D1
:1060A000D4D30008E4D30008F4D3000804D40008D3
:1060B00058260020A0B92C4D20262E610520FBF784
:1060C00031FC6E615020FBF72DFC284B1B681B1B1D
:1060D00043F69722934203D830BF002318468AE73D
:1060E000FEF758FD224B00221A7010E0FDF71AF857
:1060F00019E0FFF7D1FCFFF7B1F81E4A136801332E
:1061000013601D4B00221A701C4B1B6803B3BFF3B6
:106110004F8F30BFFEF774FDFFF72EFC184B1B6846
:1061200013F0100FE2D017490C68134A1378DBB252
:106130001548C05C08601378DBB2032BD9D8A042A5
:10614000E2D0124B1B78002BDED0FDF72FFADBE7F5
:10615000FBF736FE0028DADB084B4FF0FF321A60FF
:106160000B4802F029FDD2E7000801405826002024
:106170000C000020441E0020023B002018000020DC
:10618000000401405C260020E0D60008201F00200B
:10619000A8D6000808B54FF6FF710120FBF76CFC8C
:1061A00008BD10B582B000248DF804408DF80500BC
:1061B000022201A9782000F03DFB204602B010BD6C
:1061C00008B530B900214FF48062034801F015FF93
:1061D00008BDFF21F7E700BF0C3B002010B5A2B0BF
:1061E00040238DF80430002418E0A4F15000C0B220
:1061F000FFF7D7FF0020FFF7D4FF1020FFF7D1FFF4
:106200008022084901EBC4110DF1050001F0CDFE1B
:10621000812201A9782000F00DFB0134072CE4DD78
:1062200022B010BD0C3B002010B50023494A537129
:106230000CE0DA08D201484921F8132003F00701E5
:1062400001228A404549CA5401339BB23F2BF0D901
:106250006420FAF793FFAE20FFF7A3FF0446202047
:10626000FFF79FFF04441020FFF79BFF0444B0207A
:10627000FFF797FF0444C820FFF793FF0444002072
:10628000FFF78FFF04441020FFF78BFF04444020EA
:10629000FFF787FF04448120FFF783FF0444FF20BA
:1062A000FFF77FFF0444A120FFF77BFF0444A620F3
:1062B000FFF777FF0444A820FFF773FF04443F2053
:1062C000FFF76FFF0444A420FFF76BFF0444D320C3
:1062D000FFF767FF04440020FFF763FF0444D52065
:1062E000FFF75FFF0444F020FFF75BFF0444D92071
:1062F000FFF757FF04442220FFF753FF0444DA203E
:10630000FFF74FFF04441220FFF74BFF0444DB204C
:10631000FFF747FF04442020FFF743FF04448D208C
:10632000FFF73FFF04441420FFF73BFF0444AF2076
:10633000FFF737FFE04201D0012010BD0020FFF73A
:106340003FFFFFF74BFF034B0020188058800122CE
:106350005A71F2E7043B00200C3F00208C3F0020E4
:106360000F4B5B79B3B17F2814D83F2912D80C4B5F
:106370001B7913B1B2FA82F252090A4B33F8113089
:106380001844094B5B5C012A05D008490A5C22EAE3
:1063900003030B547047054A115C0B4313547047B9
:1063A000043B00200C3F00208C3F00200C3B0020D1
:1063B0002DE9F04F83B0044601902A4B587900280C
:1063C00047D08A4616461B887F2B41D8254B5B88D1
:1063D0003F2B41D88B78A34240D8CA78A2423FD302
:1063E00091F801B00F78E31A0BFB03F300934FF021
:1063F000000916E032462946FFF7B2FF0134BC42DD
:106400000DD2184B188820447F2808D808FA04F3C6
:1064100013F4004FEED1B6FA86F25209EBE709F118
:106420000109D9450CD2DAF80430009A4A4433F80D
:1064300012800C4B5D884D443F2D01D80024DEE7CF
:106440009AF80030074A11880B441380019800E045
:10645000002003B0BDE8F08F0020FAE70020F8E745
:106460000020F6E7043B002070B504460E461546B2
:1064700004E001342A463146FFF79AFF20780028CD
:10648000F7D170BD014B188059807047043B002044
:10649000024B1A8802805B880B807047043B002007
:1064A0000C4B1B881844002810DD8028A8BF8020D2
:1064B00080B2084B18805B881944002908DD402908
:1064C000A8BF402189B2034B598070470020F0E7F4
:1064D0000021F8E7043B00202DE9F84F814688466B
:1064E00092461F46DDF828B000260CE0E20B06EBD2
:1064F000080105EB0900FFF733FF01356400A4B282
:10650000BD42F3D301365E4507D23AF81640C7F1D3
:1065100010039C40A4B20025F2E7BDE8F88F00000C
:106520001D481E4929B10144002240F8042B88422D
:10653000FBD300F0F9F91A481A4939B1A0EB01016F
:106540005FF0CC3241F8042B8142FBD3144815494B
:10655000A0EB0100144939B1A0EB01015FF0AA32B0
:1065600041F8042B8142FBD310481149114A002302
:1065700002E0D458C4500433C4188C42F9D30E4AF4
:106580000E4C002301E013600432A242FBD301F061
:10659000D5FCFFF70FFC7047000000200050000002
:1065A0000050002000040000000000000000002057
:1065B000F0010020E8DF0008F0010020E03F0020AB
:1065C000FEE70000F0B587B0002401940294039424
:1065D000049405940F4D08232B6110232B61012691
:1065E00002960327039704230493059640F60803B5
:1065F000019301A92846FAF7FAFF0296039704943B
:1066000041F21003019301A92846FAF7F0FF07B001
:10661000F0BD00BF00080140174B10221A6108218D
:10662000196100BF00BF00BF00BF00BF00BF00BFB7
:1066300000BF00BF00BF00BF00BF00BF00BF00BF62
:1066400000BF596100BF00BF00BF00BF00BF00BF57
:1066500000BF00BF00BF00BF00BF00BF00BF00BF42
:1066600000BF00BF5A6100BF00BF00BF00BF00BF36
:1066700000BF00BF00BF704700080140174B082251
:106680005A6100BF00BF00BF00BF00BF00BF00BF16
:1066900000BF00BF00BF00BF00BF00BF00BF00BF02
:1066A00000BF1021196100BF00BF00BF00BF00BFC5
:1066B00000BF00BF00BF00BF00BF00BF00BF00BFE2
:1066C00000BF00BF00BF1A6100BF00BF00BF00BF16
:1066D00000BF00BF00BF00BF704700BF00080140FF
:1066E000002837D01D4B08221A6100BF00BF00BF31
:1066F00000BF00BF00BF00BF00BF184B10221A61CF
:1067000000BF00BF00BF00BF00BF00BF00BF00BF91
:1067100000BF00BF00BF00BF00BF00BF00BF00BF81
:1067200000BF00BF00BF00BF00BF00BF00BF00BF71
:1067300000BF00BF00BF00BF00BF00BF00BF00BF61
:1067400000BF00BF00BF00BF00BF00BF00BF00BF51
:106750005A617047014B08225A61C6E700080140A0
:106760001A4B08221A6100BF00BF00BF00BF00BF64
:1067700000BF00BF00BF00BF00BF00BF00BF00BF21
:1067800000BF00BF00BF10221A6100BF00BF00BFE2
:1067900000BF00BF00BF00BF00BF00BF00BF00BF01
:1067A00000BF00BF00BF00BF00BF00BF00BF00BFF1
:1067B00000BF00BF00BF00BF00BF9868C043C00853
:1067C00080F001005A6100F00100704700080140AC
:1067D00038B50446154639BB04F08000FFF780FF4A
:1067E00004F04000FFF77CFF04F02000FFF778FF83
:1067F00004F01000FFF774FF04F00800FFF770FFCB
:1068000004F00400FFF76CFF04F00200FFF768FFDC
:1068100004F00100FFF764FFFFF7A2FF044635B95B
:10682000B4FA84F0400938BDFFF7F6FED4E7FFF76D
:1068300025FFF5E729B370B515460E460AB910468F
:1068400070BD00220121FFF7C3FFB0B1002406E0B4
:1068500000221146305DFFF7BBFF70B10134A54245
:106860000BD96B1EA342F3D801220021305DFFF744
:10687000AFFF0028F2D00120E2E7FFF7FFFE002083
:10688000DEE7002070470120704708B501F08AF963
:10689000162303604FF0FF3008BD08B54FF0FF31FD
:1068A000FFF7F3FFFEE770B50C461646002506E03D
:1068B000AFF30080214601F8010B01350C46B542CB
:1068C000F6DB304670BD4FF0FF3070474FF4005399
:1068D0004B60002070470120704700207047000087
:1068E00010B503460C4A0D490D48006840B10C48EC
:1068F00000680344521A934206D8094A136010BD37
:106900000748084C0460F2E701F04CF90C230360DF
:106910004FF0FF30F3E700BF0050002000040000FC
:10692000CC3F0020E03F0020704700001A4A20F0D2
:10693000004393421ADD00B5B3F1FF4F83B005DB8E
:106940000146F9F7C5FD03B05DF804FB694600F0A8
:1069500047F900F00302012A0BD0022A15D07AB1C0
:1069600001220199009800F03DFFECE7002100F0C2
:1069700001BB0199009800F035FF00F10040E2E70B
:106980000199009800F0F6FADDE70199009800F00F
:10699000F1FA00F10040D6E7D80F493FF8B5C0F34F
:1069A000C7557F3D162D044620F0004724DC002DFE
:1069B000064614DB164F2F4138421BD01549F9F714
:1069C00089FD0021FAF74AF8A0B1002C04DA4FF44F
:1069D000000343FA05F52E4426EA0700F8BD0D49E9
:1069E000F9F778FD0021FAF739F818B1002C0ADB25
:1069F0000020F8BD2046F8BDB7F1FF4FFAD301469D
:106A0000F9F768FDF8BD002FF4D00348F8BD00BFCA
:106A1000FFFF7F00CAF24971000080BF1B4A20F0CF
:106A2000004393421BDD00B5B3F1FF4F83B005DB9C
:106A30000146F9F74DFD03B05DF804FB694600F02F
:106A4000CFF800F0030001280DD0022816D078B14D
:106A50000199009800F08EFA00F10040EBE7002267
:106A6000002100F0BFBE0199009800F083FAE2E730
:106A700001220199009800F0B5FEDCE7012201999E
:106A8000009800F0AFFE00F10040D4E7D80F493F76
:106A900000F01EB838B5044600F014FA2146054649
:106AA0002046FAF72BF820B920460021F9F7B8FF65
:106AB00008B9284638BD01F075F8212203460021A7
:106AC0001A600846F9F7C2FE0546284638BD00BFE1
:106AD00070B521F00045B5F1FF4F0A4603462CDCA6
:106AE00020F00046B6F1FF4F844626DCB1F17E5F10
:106AF00035D08C1704F0020444EAD07416B33DB3C9
:106B0000B5F1FF4F33D0B6F1FF4F21D0751BB5F172
:106B1000F45F4FEAE55028DA002933DA3C3031DA05
:106B20000020012C3FD0022C35D02CB12449F9F79C
:106B3000D1FC2449F9F7CCFC70BD19461046F9F791
:106B4000C9FC70BD022C08D0032CF5D11E4870BDC5
:106B5000BCF1000F07DB1D4870BD1A4870BDBDE8D1
:106B6000704000F0B3BE1A4870BD1848D9E7B6F1BE
:106B7000FF4F04F1FF3419D0022C1DD8154B53F8E8
:106B8000240070BD11461846F9F760FE00F0A8FF1A
:106B900000F09CFEC5E70A49F9F79CFC014609484C
:106BA000F9F796FC70BD00F1004070BD022C05D8CD
:106BB000094B53F8240070BD002070BD074870BD1C
:106BC0002EBDBB33DB0F4940DB0F49C0DB0FC93F94
:106BD000DB0FC9BFBCD70008B0D70008DB0F493FA7
:106BE0002DE9F04FAA4A20F0004494420D4689B0A6
:106BF0006CDDA84A074694421CDC0028A64940F3F5
:106C00001D81F9F765FCA54B24F00F049C42064654
:106C10006BD0A349F9F75CFC014630462960F9F7CF
:106C200057FC9F49F9F754FC01266860304609B0CB
:106C3000BDE8F08F9B4A94426CDDB4F1FF4F4DDA12
:106C4000E615863EA4EBC6542046F9F711FFF9F786
:106C5000F5FC014620460591F9F73AFC4FF08741D3
:106C6000F9F740FD8046F9F703FFF9F7E7FC044622
:106C7000404621460694F9F72BFC4FF08741F9F77F
:106C800031FD00210790F9F7C1FE002800F0B78020
:106C900020460021F9F7BAFE002814BF0123022381
:106CA000022481493246019105A82946009400F04A
:106CB00027FA002F0646B9DAD5E9002302F100428F
:106CC00003F100432A606B604642AFE7002628606C
:106CD000002230464A6009B0BDE8F08F0146F9F75E
:106CE000F7FB002668602860A0E77049F9F7F0FB21
:106CF0006F490446F9F7ECFB014620462960F9F795
:106D0000E7FB6B49F9F7E4FB01266860304609B000
:106D1000BDE8F08F00F0E4FE66498046F9F7E2FC3A
:106D20004FF07C51F9F7D6FBF9F7A2FE0646F9F7CA
:106D300085FC59498346F9F7D5FC01464046F9F7E9
:106D4000C7FB574982465846F9F7CCFC1F2E8146AF
:106D50000146504620DC584B721E53F8223024F076
:106D6000FF029A4218D0F9F7B3FB8046C5F80080BD
:106D700041465046F9F7ACFB4946F9F7A9FB002F0D
:106D80006860BFF653AF08F1004800F10040C5F855
:106D900000806860764249E7F9F79AFBC0F3C75272
:106DA000E315C2EBD454082C8046DFDD3F4958463A
:106DB0000393F9F797FC804650464146F9F788FB64
:106DC000044650462146F9F783FB4146F9F780FB1C
:106DD000804637495846F9F785FC4146F9F778FB74
:106DE000814620464946F9F773FB039BC0F3C7521F
:106DF0009B1A192B804604DCA2462860B8E70323BF
:106E00004EE72E495846F9F76DFC8046204641462C
:106E1000F9F75EFB824620465146F9F759FB414699
:106E2000F9F756FB044626495846F9F75BFC21461C
:106E3000F9F74EFB81465046494694E7F9F74AFB7D
:106E4000164B24F00F049C4206460ED01449F9F765
:106E500041FB014630462960F9F73AFB1049F9F742
:106E600039FB4FF0FF366860E0E61049F9F732FB76
:106E70000F490446F9F72EFB014620462960F9F731
:106E800027FB0B49F9F726FB4FF0FF366860CDE68C
:106E9000D80F493FE3CB1640800FC93FD00FC93F01
:106EA00043443537800F494348D8000800443537FC
:106EB00008A3852E84F9223FC8D7000800A3852E99
:106EC00032318D2420F00042B2F1FF4F10B504465C
:106ED00034D292B30028034642DB10F0FF4F4FEA52
:106EE000E05432D00021A4F17F00E2074FF0190CEA
:106EF0004FEA60044FF080720846C3F3160343F470
:106F0000000358BF5B005B0000EB020E9E4504DCF3
:106F10000EEB0200A3EB0E031144BCF1010C4FEA8F
:106F200043034FEA5202EFD113B1013121F00101C5
:106F3000481000F17C5000EBC45010BD0146F9F739
:106F4000D1FB2146F9F7C6FA10BD10F400020ED1AC
:106F50005B001802114602F10102F9D5641AC1E77B
:106F60000146F9F7B5FA0146F9F770FC10BD4FF08C
:106F7000FF31F3E72DE9F84320F00045B5F1485F14
:106F8000064688464ADAF9F773FD002800F09F802C
:106F900031463046F9F7A6FB04464F49F9F7A2FB04
:106FA0004E49F9F797FA2146F9F79CFB4C49F9F756
:106FB0008FFA2146F9F796FB4A49F9F78BFA2146F1
:106FC000F9F790FB4849F9F783FA2146F9F78AFB6C
:106FD0004649F9F77FFA2146F9F784FB07464FF057
:106FE0007C512046F9F77EFB0346394620461C4675
:106FF000F9F778FB414605463046F9F773FB014641
:107000002846F9F765FA01462046F9F761FA014684
:107010004FF07E50F9F75CFABDE8F8830146F9F7C6
:1070200061FB04462C49F9F75DFB2C49F9F752FA4C
:107030002146F9F757FB2A49F9F74AFA2146F9F7A9
:1070400051FB2849F9F746FA2146F9F74BFB264947
:10705000F9F73EFA2146F9F745FB2449F9F73AFAE0
:107060002146F9F73FFB224B07469D42B7DD214BF6
:107070009D4228DC05F17F4529464FF07E50F9F707
:1070800027FA814620464FF07C51F9F72BFB294621
:10709000F9F71EFA0346394620461C46F9F722FB4B
:1070A000414605463046F9F71DFB01462846F9F7EB
:1070B0000FFA01462046F9F70BFA01464846F9F760
:1070C00007FABDE8F883DFF830900C4DDAE74FF0AF
:1070D0007E50BDE8F88300BF4ED747ADF6740F3140
:1070E0007CF29334010DD037610BB63AABAA2A3D3E
:1070F0009999993E0000483F0000383F0000903EBB
:107100002DE9F04FDDB0669DA74C069354F825405D
:107110000991013B111D054603940B920193C0F2A6
:10712000F182D31E48BF131DDB1005930133DB0032
:107130000A93DDE90A239B1A0493059A019BD61A48
:10714000039A12EB030818D408F101080024DDF8B3
:107150009C91B04420AF08E059F82600F9F76EFA88
:107160000136464547F8040B07D0002EF4DA2046D6
:107170000136464547F8040BF7D1039B002BC0F2BC
:107180001583069B20AA02EB83079A000092039ABC
:10719000291F019E02910DF5907802EB030901EB86
:1071A0008305019B002BB8BF002410DBBB460024E5
:1071B000DDF808A05BF8041D5AF8040FF9F792FAFD
:1071C00001462046F9F786F9AA450446F2D1013670
:1071D0004E4548F8044B07F10407E2D1029B009D9D
:1071E0000BAA1D44039B02EB830208920CAA99464A
:1071F00002EB8303083B07935CAB03EB8903B9F114
:10720000000F53F850AC4FEA890821DD48AF0CAEAF
:1072100007EB89044FF06E515046F9F763FAF9F71E
:1072200027FCF9F70BFA4FF087418346F9F75AFA32
:1072300001465046F9F74CF9F9F71AFC54F8041DC9
:1072400046F8040B5846F9F745F9BC428246E1D1AD
:10725000049E5046314600F047FC4FF078510446FA
:10726000F9F740FAFFF79AFB4FF08241F9F73AFA43
:1072700001462046F9F72CF90446F9F7F9FB824656
:10728000F9F7DCF901462046F9F722F9002E044609
:10729000334640F38B80184609F1FF320CA951F8B0
:1072A0002260C3F1080346FA03F101FA03F3F61A68
:1072B0000CAB43F82260C0F107031E41002E8A4444
:1072C0007EDC00212046F9F7A1FB002800F0CF80EA
:1072D000039B09F1FF34A34210DC002209F1804333
:1072E000013B0CA9089801EB830353F8041983426E
:1072F00042EA0102F9D1002A40F01181039B0CAA55
:10730000013B52F82330002B40F003810127079BFB
:1073100053F804290137002AFAD009F1010AD046AE
:1073200009EB07030093069B679A03EB0906059B8D
:10733000534403F18043013B02EB830920AB03EB91
:10734000860648AB03EB8A0A59F8040FF9F776F979
:10735000019B3446002B06F1040646F8040C1ADBA8
:107360000027DDF808B0043C01E054F804095BF89C
:10737000041FF9F7B7F901463846F9F7ABF8AB4502
:107380000746F2D1009B08F1010898454AF8047BB2
:10739000DADD994630E70027009B08F1010898459F
:1073A0004AF8047BD0DDF4E78CDB000840F09980DC
:1073B00009F1FF330CAA52F82360F611002E80DD8C
:1073C000B9F1000F0AF1010A40F3A1810C9F002FCF
:1073D0007FD1B9F1010F1BD001220CAB53F8047F10
:1073E000002F79D0531CC7F580770CA9994541F837
:1073F00022700CDD51F82320884401EB830300E068
:107400001A68C2F1FF0243F8042B4345F8D1012763
:10741000049B002B0EDD012B00F06981022B09D1AA
:1074200009F1FF320CAB53F822300CA903F03F03F3
:1074300041F82230022E7FF444AF21464FF07E50B7
:10744000F9F746F80446002F3FF43BAF04994FF09C
:107450007E5000F049FB01462046F9F739F8044612
:1074600000212046F9F7D2FA00287FF431AFDDE998
:107470000A322046991A009600F036FB4FF08741F9
:107480000546F9F7E1FA002800F06C81049B4FF003
:107490006E51083328460493F9F724F9F9F7E8FA0E
:1074A000F9F7CCF84FF087410646F9F71BF901468A
:1074B0002846F9F70DF8F9F7DBFA0CAB43F8290089
:1074C0003046F9F7D5FA09F101040CAB43F8240072
:1074D0003BE00123002286E701324A457FF47EAF7C
:1074E00096E74FF07C51F9F7AFFA064600283FF4D3
:1074F000E8AEB9F1000FC8BF02260AF1010A3FF752
:1075000065AF21464FF07E50F8F7E2FF02260446B1
:10751000D7E609F1010AD046CDF800A003E7049BA5
:107520000096A3F108020CAB53F82430049263B91F
:1075300009F18043023B0CA901EB830353F80419C2
:10754000013C083A0029F9D004924FF07E5004998A
:1075500000F0CAFA002C0746C0F22E814FF06E569A
:10756000A30048AA02EB03080193043302933033CB
:107570000DEB030908F1040559F8040DF9F75EF85D
:107580003946F9F7AFF803463146384645F8043D29
:10759000F9F7A8F80CAB99450746EDD10027A346AB
:1075A000DDF80C90A8F10408CDF810A0B9F1000F97
:1075B000B8BF002515DBC246002500268748884C49
:1075C00003E0B7420DDB54F8040F5AF8041FF9F733
:1075D00089F801462846F8F77DFF0136B145054692
:1075E000EFDA5CAB03EB8703BB4543F8A05CA8F183
:1075F000040807F1010301D01F46D7E7669A5C46ED
:10760000022ADDF810A018DC002A00F382800FD1D6
:107610000020029C34AD2C4454F8041DF8F75AFFA6
:10762000A542F9D1009B0BB100F10040099B186005
:107630000AF007005DB0BDE8F08F669B032BF7D121
:10764000002C00F0C680019A34AE02F5B8736B448A
:1076500053F8A05CB71857F8049C28464946F8F739
:1076600039FFA846054648462946F8F731FF414606
:10767000F8F730FF386047F8045DBE42EBD1012CCB
:1076800040F3A780019B0DF1D408F7183D4603F5A0
:10769000B8736B4453F8A04C55F804BC20465946C7
:1076A000F8F718FFA146044658462146F8F710FFA0
:1076B0004946F8F70FFF286045F8044DA845EBD17F
:1076C00000200437083657F8041DF8F703FFBE42C0
:1076D000F9D1009B002B4DD10999349A359B8860D4
:1076E0000AF007000A604B605DB0BDE8F08F09F159
:1076F000FF320CAB53F822300CA903F07F0341F8A2
:10770000223097E608230A930023059311E500270A
:107710007EE6002034AE06EB830555F8041DF8F72D
:10772000D9FEAE42F9D1009B002B34D1099B014612
:1077300018603498F8F7CCFE002C0CDD012534AE2F
:1077400056F8041F0135F8F7C5FEAC42F8DA009B85
:107750000BB100F10040099B58600AF007005DB0D2
:10776000BDE8F08F2846F9F783F90CAB4C4643F897
:107770002900EAE6099900F10040DDE93423886038
:1077800002F1004203F100430AF007000A604B6077
:107790005DB0BDE8F08F099A00F100430146136027
:1077A0003498F8F795FE002CC8DCD2E72B1F029323
:1077B000069B9B00009311E5669B022B05DC002BCA
:1077C00009DC7FF435AF00202CE7669B032B7FF4A8
:1077D0002FAF00207DE70020A5E700BF0000C93FD4
:1077E00060DB00082DE9F84320F00043B3F1485F67
:1077F00004460E46174603DAF9F73AF9002856D040
:1078000021462046F8F76EFF054620462946F8F740
:1078100069FF284980462846F8F764FF2649F8F7AB
:1078200057FE2946F8F75EFF2449F8F753FE29462C
:10783000F8F758FF2249F8F74BFE2946F8F752FFB0
:107840002049F8F747FE814617B34FF07C51304688
:10785000F8F748FF494607464046F8F743FF014618
:107860003846F8F735FE2946F8F73CFF3146F8F779
:107870002FFE154905464046F8F734FF01462846D5
:10788000F8F728FE01462046F8F722FEBDE8F88307
:1078900001462846F8F726FF0B49F8F719FE41463E
:1078A000F8F720FF2146F8F715FEBDE8F8832046DB
:1078B000BDE8F883D3C92E2F342FD7321BEF3836CB
:1078C000010D50398988083CABAA2A3E2DE9F041C8
:1078D00020F00045B5F1A14F0446074607DBB5F19E
:1078E000FF4F71DC00287FDD6948BDE8F081694BFE
:1078F0009D427CDCB5F1445F6BDB4FF0FF382146E5
:107900002046F8F7EFFE01460646F8F7EBFE05467F
:107910006149F8F7E7FE6149F8F7DCFD2946F8F719
:10792000E1FE5F49F8F7D6FD2946F8F7DBFE5D4931
:10793000F8F7D0FD2946F8F7D5FE5B49F8F7CAFD00
:107940002946F8F7CFFE5949F8F7C4FD3146F8F754
:10795000C9FE574906462846F8F7C4FE5549F8F7C8
:10796000B7FD2946F8F7BEFE5349F8F7B1FD2946A1
:10797000F8F7B8FE5149F8F7ABFD2946F8F7B2FE23
:107980004F49F8F7A5FD2946F8F7ACFEB8F1FF3FDF
:107990000146304641D0F8F79DFD2146F8F7A2FE9A
:1079A000484B53F82810F8F793FD2146F8F790FD5F
:1079B000454B014653F82800F8F78AFD002F94DA6A
:1079C00000F10040BDE8F0810146F8F783FDBDE815
:1079D000F0813E49F8F77EFD4FF07E51F9F73EF811
:1079E00000288AD0204680E73948BDE8F08100F0C1
:1079F00077F8384B04469D421ADCA3F5D0039D422C
:107A000038DD4FF07E51F8F763FD4FF00108034673
:107A10004FF07E5120461C461CE0F8F75BFD2146E6
:107A2000F8F760FE01462046F8F752FDBDE8F08108
:107A3000294B9D4216DC4FF07F51F8F749FD034674
:107A40004FF07F5120464FF002081C46F8F74AFEDF
:107A50004FF07E51F8F73EFD01462046F8F7F6FE5E
:107A600004464CE701461D48F8F7F0FE4FF00308C6
:107A7000044644E70146F8F72DFD4FF07E51F8F734
:107A800027FD4FF0000803464FF080412046C2E733
:107A9000DB0FC93FFFFFDF3ED769853C59DA4B3D1D
:107AA000356B883D6E2EBA3D2549123EABAAAA3EE3
:107AB00021A215BD6BF16E3D95879D3D388EE33D4E
:107AC000CDCC4C3EA8DB000898DB0008CAF2497117
:107AD000DB0FC9BFFFFF973FFFFF1B40000080BFC8
:107AE00020F00040704700BF30F0004C034625D026
:107AF000BCF1FF4F10B51DD210F0FF4F0C460246EF
:107B00001DD14FF09841F8F7EDFD234A034694420A
:107B100033DBC0F3C75C0246ACF1190000EB040C88
:107B2000BCF1FE0F12DD18461C4961F31E00F8F788
:107B3000D9FD10BD0146F8F7CDFC10BD70474FEAE6
:107B4000DC5000EB040CBCF1FE0FECDCBCF1000FD0
:107B50000EDC1CF1160F14DA4CF250321846944227
:107B6000CCBF0E490E4961F31E00F8F7BBFD10BDF6
:107B700022F0FF4040EACC5010BD0949F8F7B2FDB1
:107B800010BD0CF1190022F0FF424FF04C5142EAB7
:107B9000C050F8F7A7FD10BDB03CFFFFCAF2497115
:107BA0006042A20D014B1868704700BF2000002002
:107BB0008A89F8B5054610070C4657D44B68002B48
:107BC00004DC0B6C002B01DC0020F8BDE66A002E03
:107BD000FAD0002312F480522F682B6032D0606DEF
:107BE000A3895A0705D56368C01A636B0BB1236C70
:107BF000C01A00230246E66A2846216AB047431CA1
:107C0000A38906D129681D292CD8294ACA40D6073C
:107C100028D5002262602269D904226004D5421C62
:107C200001D12B6803B96065616B2F600029CBD04F
:107C300004F14403994202D0284600F0E7F90020FD
:107C40006063C2E7216A01232846B047411CC7D1BF
:107C50002B68002BC4D01D2B01D0162B01D12F6017
:107C6000B2E7A38943F04003A381AEE70F69002F79
:107C7000AAD0930718BF00230E6808BF4B69F61BF4
:107C80000F608B60002E9FDD33463A462846216AFE
:107C9000D4F828C0E047002806DCA3894FF0FF3065
:107CA00043F04003A38190E70744361AEAE700BF98
:107CB0000100402038B50B6905460C4613B9002574
:107CC000284638BD18B183690BB900F099F8144BF8
:107CD0009C421BD16C68B4F90C30002BEFD0626E63
:107CE000D00704D4990502D4A06D00F04CF92846C1
:107CF0002146FFF75DFF636E0546DA07E0D4A389EE
:107D00009B05DDD4A06D00F03FF9D9E7054B9C42FF
:107D100001D1AC68DFE7044B9C4208BFEC68DAE7AE
:107D2000D8DB0008F8DB0008B8DB0008014620B902
:107D3000044B0549186800F0E1B8044B1868FFF7D8
:107D4000B9BF00BF18DC0008B57C00082000002087
:107D5000002310B50446C0E90033C0E90433836052
:107D600081814366C2818361194608225C3000F03C
:107D700044F9054B24626362044BA362044BE36243
:107D8000044B236310BD00BFA58F0008C78F0008F8
:107D9000FF8F000823900008014900F0AFB800BF32
:107DA000B57C0008682270B54D1E55430E4605F19E
:107DB000740100F093F9044640B10021C0E90016B7
:107DC0000C30A06005F1680200F017F9204670BD84
:107DD000014800F0D8B800BFD13F0020014800F0B2
:107DE000D3B800BFD13F0020014800F0CCB800BF9D
:107DF000D23F0020014800F0C7B800BFD23F0020AA
:107E000010B50446FFF7F0FFA3691BB1BDE81040B1
:107E1000FFF7F0BFC4E912332365134B134A1B6805
:107E2000A262A34208BF0123204608BFA36100F05D
:107E30001FF86060204600F01BF8A060204600F0AC
:107E400017F800220421E0606068FFF781FF01223B
:107E50000921A068FFF77CFF02221221E068FFF7EA
:107E600077FF0123A361D1E718DC0008997D0008A2
:107E7000F8B50746FFF7ACFF1E4B1E68B36913B990
:107E80003046FFF7BDFF4836D6E90134013B03D544
:107E900033680BB33668F7E7B4F90C50D5B9164B15
:107EA00004F15800E360656600F06CF8FFF796FF98
:107EB00008222946C4E90155C4E904552560A56195
:107EC00004F15C0000F099F8C4E90D55C4E91255BD
:107ED0002046F8BD6834D9E704213846FFF762FF31
:107EE000044630600028D5D1FFF778FF0C233B60B3
:107EF000EEE700BF18DC00080100FFFF2DE9F843A2
:107F000006468846002700F14804D4E90195B9F1F6
:107F1000010905D52468002CF7D13846BDE8F8835F
:107F2000AB89012B07D9B5F90E30013303D02946AF
:107F30003046C04707436835E9E7000070B50026C2
:107F40000C4D0D4C641BA410A64209D103F0B8F8E7
:107F500000260A4D0A4C641BA410A64205D170BD30
:107F600055F8043B98470136EEE755F8043B98472F
:107F70000136F2E7DCDF0008DCDF0008DCDF0008A8
:107F8000E4DF000870477047704710B501390244BC
:107F9000904201D1002005E0037811F8014FA3427F
:107FA00001D0181B10BD0130F2E70A44914200F1E4
:107FB000FF3300D1704710B511F8014B914203F81F
:107FC000014FF9D110BD884210B501EB020402D96E
:107FD0008442234607D8431EA14208D011F8012B42
:107FE00003F8012FF8E7014602448A4200D110BD90
:107FF00013F8014D02F8014DF7E70346024493429E
:1080000000D1704703F8011BF9E7000038B50546B9
:10801000002940D051F8043C0C1F002BB8BFE418D5
:1080200002F0AAF81C4A136833B96360146028464A
:10803000BDE8384002F0A6B8A34208D9206821184C
:108040008B4201BF19685B6809182160EDE71A4689
:108050005B680BB1A342FAD911685018A0420BD14A
:1080600020680144501883421160E0D118685B68B1
:10807000014411605360DAE702D90C232B60D6E784
:10808000206821188B4201BF19685B6809182160BC
:1080900063605460CBE738BDD43F002070B50E4E0E
:1080A0000C463168054611B900F018FF30602146D2
:1080B000284600F013FF431C0AD0C41C24F003041C
:1080C000A04207D0211A284600F008FF013001D154
:1080D0004FF0FF34204670BDD83F00202DE9F0411D
:1080E000CD1C25F0030508350C2D38BF0C25002DBF
:1080F000074601DBA94205D90C2300263B60304628
:10810000BDE8F0812E4E02F037F833681C4634BBD0
:1081100029463846FFF7C2FF431C04464DD1346858
:108120002646002E40D123683146384604EB03082A
:1081300000F0D4FE80453AD1216803356D1A25F050
:10814000030508350C2D38BF0C2538462946FFF7A6
:10815000A5FF01302BD023682B4423600EE022685A
:10816000521B1ED40B2A16D96119A342256018BFD1
:108170005960636808BF316062514B60384604F152
:108180000B0601F0FFFF26F00706231DF21AB6D0FA
:108190009B1BA350B3E76268A3420CBF32605A60D6
:1081A000ECE723466468B2E734467668B9E70C2307
:1081B00038463B6001F0E6FFA1E72560DEE700BF3F
:1081C000D43F0020002B2DE9F0471F46BBBF03F131
:1081D00000431F4600232D2388B01446129A109D99
:1081E0001370149BDDF84CA023F02008B8F1460F63
:1081F00005D0B8F1450F00D10135022300E003237B
:1082000007AA049206AACDE902A2CDE900352246CA
:108210003B4601F031F9B8F1470F064602D1119BF8
:10822000DB0722D5B8F1460F06EB050910D13378EC
:10823000302B0AD10022002320463946F8F7E4FE0D
:1082400018B9C5F10105CAF80050DAF800309944B0
:108250000022002320463946F8F7D6FE08B1CDF8B3
:108260001C903022079B4B4507D33046079B159A3D
:108270009B1B136008B0BDE8F087591C07911A706A
:10828000F0E70346F7B5002903F8022BB6BF2D220D
:108290002B224942092942702BDD0DF10704A44627
:1082A0000A2791FBF7F60A46A64607FB1615632A2E
:1082B00005F13005314604F1FF340EF8015CF0DCC5
:1082C0003031AEF1020504F8011C2946441C614519
:1082D0000AD30DF10902A2EB0E02654588BF002208
:1082E0001344181A03B0F0BD11F8012B04F8012F44
:1082F000EDE7302330318370C170031DF1E70000DA
:108300002DE9F04F91B00C46DDF8688016461F4607
:10831000054601F09FFE036818460993F8F704FC30
:1083200000230E93D8F800300A90073323F0070398
:1083300003F1080294F81890D4F800B0C8F80020AF
:10834000D3E90023C4E91223D4E9128A2AF00043B6
:108350000B934FF0FF3240469C4B0B99F8F786FE8B
:1083600070BB4FF0FF324046984B0B99F8F760FE18
:1083700030BB0022002340465146F8F74FFE10B1B3
:108380002D2384F84330924B9248B9F1470F94BFA4
:108390009846804603234FF0000A23612BF0040324
:1083A000236033462146284600970FAA00F0D4F9EF
:1083B000013040F090804FF0FF3011B0BDE8F08FF9
:1083C0004246534640465146F8F750FE48B1BAF18E
:1083D000000FB8BF2D238048B8BF84F843307F4BCF
:1083E000D3E7636809F0DF015A1C42D106236360BA
:1083F000002206920EAACDE904920DAA4BF48063E6
:1084000003920DF13302CDE90132236063684246E5
:108410000093284653460B91FFF7D4FE0B998046F4
:1084200047290D9908D1C81C02DB6368994240DDD9
:10843000A9F102095FFA89F9B9F1650F1FD84A4617
:10844000013904F150000D91FFF71BFF0E9A82468F
:108450001318012A236102DC2268D20701D50133F7
:1084600023619DF83330002B9BD02D2384F84330BB
:1084700097E74729BCD1002BBAD10123B7E7B9F15F
:10848000660F18D1002963680BDD216113B92268DA
:10849000D00702D501330B4423614FF0000AA165D8
:1084A000DFE713B92268D20701D50233F4E70123CD
:1084B000F2E74FF067090E9B994205DB23682161C3
:1084C000D807EAD54B1CE7E70029CCBF0122C1F150
:1084D00002021344E0E723685A0507D423694246A1
:1084E00031462846B84701302BD164E7B9F1650F12
:1084F00040F2DD80D4E9120100220023F8F784FD68
:10850000002833D0012331462846354AB847013088
:108510003FF451AFDDE90D239A4202DB2368D8070F
:108520000FD5DDE9092331462846B84701303FF42D
:1085300042AF4FF0000804F11A090E9B013B43457E
:1085400009DC23689B0700F10281E0680F9B9842D9
:10855000B8BF184631E701234A4631462846B84796
:1085600001303FF428AF08F10108E6E70D9B002B2E
:1085700038DC012331462846194AB84701303FF418
:108580001AAFDDE90D23134302D12368D907D8D5EB
:10859000DDE9092331462846B84701303FF40BAFE7
:1085A0004FF0000904F11A0A0D9B5B424B4501DCB8
:1085B0000E9B94E70123524631462846B8470130C6
:1085C0003FF4F9AE09F10109EEE700BFFFFFEF7FCD
:1085D0001CDC000820DC000828DC000824DC000883
:1085E0002CDC00080E9AA36D9A42A8BF1A46002AF6
:1085F000914637DC4FF0000B29EAE97904F11A02C1
:10860000D4F858A0AAEB09035B4533DCDDE90D2360
:108610009A423BDB2368DA0738D40E9B0D99A3EB13
:108620000A02A3EB01099145A8BF9146B9F1000FD9
:1086300034DC4FF0000829EAE97904F11A0ADDE98F
:108640000D239B1AA3EB090343457FF77AAF012360
:10865000524631462846B84701303FF4ACAE08F1E7
:108660000108ECE71346314642462846B847013038
:10867000C0D1A0E60123314628460B92B84701300D
:108680003FF499AE0B9A0BF1010BB9E73146DDE9E6
:1086900009232846B8470130BFD18CE64B46314606
:1086A000284608EB0A02B8470130C2D183E60E9A89
:1086B000012A01DCDB0737D5012342463146284633
:1086C000B84701303FF477AEDDE90923314628464B
:1086D000B84701303FF46FAED4E912010022002305
:1086E000F8F792FCD8B90E9B08F10102013B314624
:1086F0002846B84701300ED15DE601234A4631468F
:108700002846B84701303FF456AE08F101080E9BE9
:10871000013B4345F1DC534604F15002E0E64FF0E3
:10872000000804F11A09F2E701234246DFE70123BA
:108730004A4631462846B84701303FF43CAE08F17E
:108740000108E3680F995B1A4345F0DCFDE64FF042
:10875000000804F11909F4E72DE9F0471646994697
:108760008A680B6907469342B8BF1346336091F895
:1087700043200C46DDF820800AB1013333602368C2
:10878000990642BF336802333360256815F0060549
:1087900006D104F1190AE36832689B1AAB4228DC5F
:1087A00094F84320131E226818BF012392062DD48B
:1087B0004946384604F14302C047013020D02368BF
:1087C000E56803F00603042B18BF002532684FF05C
:1087D0000006A36808BFAD1A226908BF25EAE5753F
:1087E0009342C4BF9B1AED181A34B5421AD1002027
:1087F00008E00123524649463846C047013003D1BC
:108800004FF0FF30BDE8F0870135C4E73020E118B4
:1088100081F843005A1C94F845102244023382F830
:108820004310C5E70123224649463846C047013078
:10883000E6D00136D9E700002DE9FF470F7E9146CB
:10884000782F80460C469A460C9D01F1430207D8CA
:10885000622F0AD8002F00F0D980582F00F0A48092
:1088600004F1420584F842703AE0A7F16303152B46
:10887000F6D801A151F823F0D1880008E588000856
:108880006188000861880008618800086188000824
:10889000E588000861880008618800086188000890
:1088A00061880008F389000815890008D589000847
:1088B0006188000861880008158A0008618800083E
:1088C000158900086188000861880008DD890008B2
:1088D0002B681A1D1B682A6004F1420584F8423097
:1088E0000123A4E020682968060601F104030AD5E3
:1088F0000E682B60002E03DA2D23764284F8433075
:108900000A235E4819E00E6810F0400F2B6018BF74
:1089100036B2EFE72B682068191D2960010601D5E2
:108920001E6802E04606FBD51E886F2F0CBF082389
:108930000A235248002184F843106568002DA8BF1F
:108940002168A560A4BF21F0040121600EB9002DAB
:108950004DD01546B6FBF3F103FB1167C75D05F873
:10896000017D3746BB420E46F4D9082B0BD1236854
:10897000DE0708D5236961689942DEBF302305F818
:10898000013C05F1FF35521B22614B462146404612
:10899000CDF800A003AAFFF7DFFE01304CD14FF065
:1089A000FF3004B0BDE8F087344881F8457029688D
:1089B000236851F8046B29601D0614D5DF0744BFF6
:1089C00043F0200323601EB9236823F020032360B3
:1089D0001023AFE7236843F020032360782328485F
:1089E00084F84530E3E7590648BFB6B2E6E71546D6
:1089F000BBE72B682668181D6169286035061B686F
:108A000001D5196002E07006FBD5198000231546D8
:108A10002361BAE72B6800211A1D2A601D6862686D
:108A2000284601F09BFB08B1401B6060636823612E
:108A3000002384F84330A8E72A4649464046236984
:108A4000D0470130ABD023689B0713D4E068039B69
:108A50009842B8BF1846A4E701233246494640462B
:108A6000D04701309BD00135E36803995B1AAB42D4
:108A7000F2DCEBE7002504F11906F5E72EDC00082F
:108A80003FDC00080FB40A4B13B51C6824B1A3697E
:108A900013B92046FFF7B4F905AB2046049AA16844
:108AA000019302F08FF802B0BDE8104004B07047A7
:108AB0002000002038B5084B05461C6824B1A36986
:108AC00013B92046FFF79CF929462046A268BDE865
:108AD000384002F0A7B900BF2000002070B50E4654
:108AE000054618B183690BB9FFF78AF9AB69AC6821
:108AF00013B92846FFF784F92C4B9C4220D16C68AF
:108B0000636EDB0705D4A389980502D4A06DFFF737
:108B10003AFAA38919071DD52369DBB1013EA36881
:108B200016F8011F013BA36039BB002B38DA22463F
:108B30000A21284600F032FB013011D00A2511E04D
:108B40001B4B9C4201D1AC68DAE71A4B9C4208BF30
:108B5000EC68D5E72146284600F084FB0028DDD0EC
:108B60004FF0FF35636EDA0705D4A3899B0502D465
:108B7000A06DFFF709FA284670BD002B04DAA26940
:108B80009A4206DC0A2904D023685A1C2260197014
:108B9000C5E72246284600F001FB0130BFD1DFE7E0
:108BA0000A2523685A1C22601D70DBE7D8DB000809
:108BB000F8DB0008B8DB0008024B01461868FFF735
:108BC0008DBF00BF20000020022B10B50AD09208F4
:108BD00003680C68013A002A40F8044B41F8043B52
:108BE000F6DC10BD02440C78037800F8014B01F864
:108BF000013B131A002BF6DCF3E7F8B50C461546DB
:108C000007461E4698470028294620460ADAB047FC
:108C1000002805DB29463846B04700280ADB3C46D9
:108C20002046F8BDB0470028FADC29463846B04750
:108C30000028F4DB2C46F3E72DE9F04F9A4640EA92
:108C400002039B070646144697B01AD1B2F10408F6
:108C500018BF4FF001080023029304FB01F73319FA
:108C60000193062906EB070303932AD8019B039A75
:108C7000934210D3029B002B40F01F8117B0BDE838
:108C8000F08F4FF00208E6E7434622463946284671
:108C9000FFF79AFF0EE0019D0DE02F1B2946384695
:108CA000D047002809DDB8F1000FEDD12B683A68F4
:108CB0002A603B603D46AE42EFD3019B23440193C3
:108CC000D4E74FEA51093F1B072904FB09693744E0
:108CD00022D0282945D9C90804FB01F5534606EBE3
:108CE000450271193046FFF788FF494609EB050236
:108CF00053468346481BFFF780FF3A46814653465A
:108D0000791BA7EB4500FFF778FF0246494653461B
:108D10005846FFF772FF8146B8F1000F24D133683F
:108D2000D9F800203260C9F8003006EB040BB946D0
:108D30005D460023BB4535D8314658460493D0479D
:108D40000028049B3EDC0AD1B8F1000F13D12B6838
:108D5000DBF800202A60CBF8003025440123A3442F
:108D6000E8E73A46B346D1E743462246494630460D
:108D7000FFF72AFFD9E74346224659462846FFF720
:108D800023FFEAE70BD1B8F1000F14D13B68D9F803
:108D900000203A60C9F800300123A9EB0409049FC0
:108DA000BB450FD9002B43D1019B039A9342BFF4DB
:108DB00061AF019D36E04346224649463846FFF7FB
:108DC00003FFE9E7314638460593D0473B1B0028AF
:108DD0000493059BD6DAB8F1000F06D0434622462D
:108DE00039465846FFF7F0FE05E0DBF800303A68F8
:108DF000CBF800203B60049FB0E74346224639464B
:108E00002846FFF7E1FE0CE02F1B29463846D047E5
:108E1000002809DDB8F1000FEFD12B683A682A600D
:108E20003B603D46AE42EFD3019B23440193BBE739
:108E3000ABEB0503AA1B9A42A8BF1A4601932AB1BD
:108E400043463046ABEB0201FFF7BEFE039BA9EBA6
:108E50000707A3EB0902121BBA4228BF3A462AB100
:108E6000039943465846891AFFF7AEFE019D039BBE
:108E7000AF42A3EB070004D93346064618463D46E9
:108E8000019FA74223D9029BB7FBF4F1072B0ED811
:108E9000B5FBF4F5029A16AB03EBC20343F8406C42
:108EA00043F83C5C1346013302930646D5E653462D
:108EB0002246FFF7C1FEA5420CD8029B013B02935C
:108EC000029A16AB03EBC20353E91001EDE7A5428A
:108ED0007FF6D0AEB5FBF4F13046E6E738B50023B7
:108EE000054D044608462B60FDF7FAFC431C02D1F1
:108EF0002B6803B1236038BDDC3F00200CB430B5D3
:108F0000174B0C1E1D689DB008DA8B234FF0FF3005
:108F10002B601DB0BDE8304002B070474FF40273C3
:108F2000ADF814300CBF234604F1FF3304930793CC
:108F30004FF6FF7302900690ADF81630284621AB2D
:108F4000209A02A9019301F015FD431CBCBF8B239D
:108F50002B60002CDDD00022029B1A70D9E700BFE5
:108F6000200000200EB46FF0004100B59CB01DAB96
:108F700002900690079104910848094953F8042B80
:108F80000591006802A9019301F0F4FC0022029B04
:108F90001A701CB05DF804EB03B07047200000208D
:108FA0000802FFFF10B50C46B1F90E1001F082FF68
:108FB0000028ABBF636DA3891B1823F48053ACBF9B
:108FC0006365A38110BD2DE9F0411F468B890546DD
:108FD000DB050C46164605D502230022B1F90E101A
:108FE00001F03CF8A389324623F48053A38128463C
:108FF0003B46B4F90E10BDE8F04100F021B910B5C0
:109000000C46B1F90E1001F029F8431CA38915BFD5
:10901000606523F4805343F48053A38118BFA38178
:1090200010BDB1F90E1000F08BB90346C9B2184655
:1090300013F8012B12B18A42F9D17047002918BFE9
:1090400000207047034611F8012B03F8012B002A7A
:10905000F9D17047034610B572B10139841813F87D
:10906000010B11F8012F904201D1A34201D1801AC6
:1090700010BD0028F3D1FAE71046F9E7012B2DE9DE
:10908000F047804601D0242B06D9FEF78BFD16232E
:1090900003600020BDE8F0870D46354F284615F8DF
:1090A000014BE65D16F00806F8D12D2C2FD10126D4
:1090B0002C78851C002B57D0102B09D1302C07D1D0
:1090C000287800F0DF00582849D110236C78023549
:1090D000002706F1004E0EF1FF3EBEFBF3F93846C5
:1090E00003FB19EAA4F1300CBCF1090F14D8644653
:1090F000A34222DD002F1DDB81451BD301D1A245F8
:1091000018DB012700FB034015F8014BEAE72B2C85
:1091100004BF2C78851CCDE7A4F1410CBCF1190FDC
:1091200001D8373CE4E7A4F1610CBCF1190F04D875
:10913000573CDDE74FF0FF37E6E7002F07DA222341
:109140007046C8F80030002AA4D0691E05E006B1B8
:109150004042002A9ED0002FF7D111609AE73024B8
:10916000002BB5D10823B3E7302CA9D00A23AFE7F1
:1091700051DC000813460A46014602480068FFF722
:109180007DBF00BF20000020034BC35C03F003033E
:10919000012B08BF2030704751DC0008F8B50E469F
:1091A0001446054618B183690BB9FEF729FE214B19
:1091B0009C422BD16C68A369A360A3891A072FD5A1
:1091C00023696BB323692068F6B2C01A6369374616
:1091D000834204DC21462846FEF76CFD30BBA368C1
:1091E0000130013BA36023685A1C22601E70636932
:1091F000834204D0A389DB0706D50A2E04D1214679
:109200002846FEF757FD88B93846F8BD0A4B9C4200
:1092100001D1AC68CFE7094B9C4208BFEC68CAE7B4
:109220002146284600F01EF80028CBD04FF0FF372B
:10923000EAE700BFD8DB0008F8DB0008B8DB00086D
:1092400038B50446084611460022054D2A601A46E4
:10925000F8F71CFD431C02D12B6803B1236038BD15
:10926000DC3F0020324B70B51D6806460C4625B128
:10927000AB6913B92846FEF7C3FD2E4B9C420FD1B4
:109280006C68A389B4F90C2019072CD4DD0611D41D
:109290000923336042F040034FF0FF30A3813EE0EA
:1092A000254B9C4201D1AC68EBE7244B9C4208BFA4
:1092B000EC68E6E7580712D5616B41B104F144034D
:1092C000994202D03046FEF7A1FE00236363A389D2
:1092D00023F02403A3810023636023692360A3890F
:1092E00043F00803A38123694BB9A38903F42073D6
:1092F000B3F5007F03D02146304600F0E7FEA08999
:10930000B4F90C2010F001030AD00023A3606369B4
:109310005B42A361236943B910F08000BAD170BDEC
:10932000810758BF6369A360F4E70020F7E700BF37
:1093300020000020D8DB0008F8DB0008B8DB0008BC
:1093400038B50023054D044608462B60FDF7BBFAEF
:10935000431C02D12B6803B1236038BDDC3F0020E1
:109360002DE9F74F03690C690746A342C0F28280DA
:10937000013C00F1140501F1140805EB840301938D
:1093800058F8243055F8242001339A42B2FBF3F602
:109390004FEA840B08EB840931D34FF0000E4046AE
:1093A000AC46F24650F8042B93B206FB03E3120CD2
:1093B0004FEA134E9BB206FB02E2AAEB0303DCF872
:1093C00000A04FEA124E1FFA8AFA5344DCF800A0BC
:1093D00092B2C2EB1A4202EB23429BB243EA02432F
:1093E00081454FEA224A4CF8043BDBD255F80B305A
:1093F0002BB9019B043B9D421A462FD33C61384652
:1094000001F044F9002825DB28464FF0000C013616
:1094100058F8041BD0F800E08BB2ACEB03031FFA42
:109420008EF213440A0CC2EB1E4202EB23429BB2A3
:1094300043EA0243C1454FEA224C40F8043BE7D2DD
:1094400055F8242005EB840322B9043B9D421A46BB
:109450000AD33C61304603B0BDE8F08F1268043B8C
:10946000002ACBD1013CC6E71268043B002AF0D1A8
:10947000013CEBE70020EEE72DE9F04F16461F46D2
:10948000446A99B00546CDE90467DDF8948074B963
:10949000102000F05BFE0246686220B9EA21A84B6A
:1094A000A84801F019FDC0E901440460C4606B6A7A
:1094B000196851B15A68012393404A608B6028466D
:1094C00000F0A6FE00226B6A1A603B1EAFBF0023AD
:1094D000012223F000430593A8BFC8F80030DDF84F
:1094E0001490994BB8BFC8F8002033EA090319D18A
:1094F00042F20F73249A1360C9F31303334300F04D
:109500007F85269B53B9914B22E0914B03930833FF
:10951000269A1360039819B0BDE8F08F8B4B039324
:109520000333F5E7DDE90434CDE90C34DDE90C0162
:1095300000220023F7F768FD804658B10123249AE2
:109540001360269B002B00F0588582481860431E4C
:109550000393DFE716AB019317AB00932846DDE9D1
:109560000C2301F03BF9C9F30A548346002C7FD049
:10957000DDE90C010D9BA4F2FF34C3F3130343F0A8
:109580007F5141F44011CDF84C800022724BF6F728
:10959000E3FD65A3D3E90023F7F7CEFA64A3D3E98B
:1095A0000023F6F7DBFD064620460F46F6F722FFBE
:1095B00061A3D3E90023F7F7BFFA02460B46304612
:1095C0003946F6F7CBFD06460F46F7F765FD002254
:1095D0008246002330463946F7F720FD48B1504611
:1095E000F6F708FF32463B46F7F70EFD08B90AF1D9
:1095F000FF3ABAF1160F58D8DDE90C01574B03EBCF
:10960000CA03D3E90023F7F709FD00284FD0002350
:109610000AF1FF3A0F93169B1C1B631E099349BF67
:10962000C4F1010300230693002354BF069309935A
:10963000BAF1000F3DDB099BCDF838A053440993E4
:1096400000230A93229B092B00F28C80052BC4BFB8
:10965000043B2293229BC8BF0024A3F10203D8BF7E
:109660000124032B00F28A80DFE803F02D4F4D5BCD
:10967000DDE916431C4404F23243202BC3BFC3F17F
:10968000400304F2124009FA03F3C3F12003C6BFFA
:1096900026FA00F0184306FA03F0F6F79BFE0123C2
:1096A000A1F1F871013C13936FE70123B2E70F902A
:1096B000B1E7069BA3EB0A030693CAF100030A93E2
:1096C00000230E93BEE700230B93239B002B58DC53
:1096D0004FF001094B46CDF82090CDF88C90002238
:1096E000686A4260042202F114069E4241684ED923
:1096F000284600F04DFD039000284CD102464FF45F
:10970000D571174BCCE60123DEE700230B93239B97
:109710000AEB030909F10103012B0893B8BF0123E8
:10972000DDE70123F2E700BF61436F63A787D23F04
:10973000B3C8608B288AC63FFB799F501344D33F40
:109740005EDD000875DD00080000F07F5ADD0008CE
:1097500051DD00082DDC00080000F83FB0DE0008F5
:10976000F3DD0008012400230B9422934FF0FF390E
:1097700000221223CDF820902392B0E701230B930F
:10978000F4E7DDF88C904B46CDF82090A7E7013147
:1097900041605200A7E76B6A039A1A60089B0E2B80
:1097A00000F2A880002C00F0A580BAF1000F34DD93
:1097B0009A4A0AF00F0302EBC3031AF4807FD3E93D
:1097C0000034CDE910344FEA2A1416D0DDE90C013B
:1097D000934B0327D3E90823F7F7D8FACDE904011F
:1097E00004F00F048E4E54B9DDE91023DDE90401C5
:1097F000F7F7CCFACDE9040129E00227F2E7E10707
:1098000008D5DDE91001D6E90023F7F795F9CDE990
:109810001001013764100836E5E700F0A580DDE9A6
:109820000C01CAF100047D4B04F00F0203EBC203EC
:10983000D3E90023F7F780F902270023CDE90401DB
:10984000774E2411002C40F08480002BD2D10F9B46
:10985000002B00F08B80DDE90434CDE91034DDE924
:10986000100100226F4BF7F7D9FB00287ED0089B30
:10987000002B7BD0B9F1000F38DDDDE910010022AB
:10988000694BF7F759F94C46CDE904010AF1FF3865
:1098900001373846F6F7AEFDDDE90423F7F74CF95A
:1098A0000022624BF6F75AFCA1F15076CDE9100187
:1098B0001196002C5DD1DDE9040100225C4BF6F726
:1098C0004BFC02460B46CDE904233346109AF7F7CA
:1098D000C3FB002840F09C82DDE90401109A06F1E8
:1098E0000043F7F79BFB002840F09082DDE90C3441
:1098F000CDE90434179B002BC0F25281BAF10E0F50
:1099000000F34E81454B03EBCA03D3E90034CDE9A4
:109910000634239B002B80F2DB80089B002B00F396
:10992000D78040F07282DDE906010022404BF7F754
:1099300003F9DDE90423F7F785FB089C2646002898
:1099400040F048823123039F0AF1010A07F8013BE6
:1099500044E2E20705D5D6E90023F7F7EDF8012345
:109960000137641008366DE7022770E7D046089C7F
:109970008FE70399294B214412910B9903EBC40300
:10998000DDE9106753E90223002955D00020294959
:10999000F7F7FCF93B463246F6F7DEFBCDE910015E
:1099A000039FDDE90401F7F777FB0446F6F722FD94
:1099B00002460B46DDE90401F6F7CEFB02460B46F4
:1099C0003034CDE90423DDE9102307F8014BF7F724
:1099D00025FB002874D1DDE9042300201149F6F7A6
:1099E000BBFBDDE91023F7F719FB002840F0B78037
:1099F000129B9F423FF47AAFDDE9100100220A4B2F
:109A0000F7F79AF80022CDE91001DDE90401064BD1
:109A1000F7F792F8CDE90401C3E700BFB0DE000814
:109A200088DE00080000F03F0000244000001C40D9
:109A3000000014400000E03F30463946F7F77CF85C
:109A4000129BCDE91001039C1493DDE90401F7F7A3
:109A500023FB1590F6F7CEFC02460B46DDE9040128
:109A6000F6F77AFB159B0646303304F8013B129B50
:109A70000F469C424FF0000224D1DDE91001B04BAB
:109A8000F6F76CFB02460B4630463946F7F7E4FA28
:109A9000002863D1DDE910230020A949F6F75CFB1B
:109AA00002460B4630463946F7F7B8FA00283FF42D
:109AB0001DAF149F7B1E149317F8013C302BF8D078
:109AC000C2463BE09F4BF7F737F8CDE90401BCE70E
:109AD000039FDDE90489DDE9062340464946F7F79F
:109AE00055F9F7F7D9FA0446F6F784FCDDE90623C1
:109AF000F7F722F802460B4640464946F6F72CFB9C
:109B000004F1300607F8016B039EDDF820C0BE1B90
:109B1000B44502460B4636D1F6F720FBDDE90623B5
:109B200080468946F7F798FA58BBDDE90623404698
:109B30004946F7F769FA08B1E10722D428465946A1
:109B400000F066FB00233B70249B0AF101001860C3
:109B5000269B002B3FF4DEAC1F60DBE427463B4630
:109B60001F4613F8012D392A07D1039A9A42F7D1DB
:109B70003022039908F101080A701A7801321A702C
:109B80009EE7D046EBE700226E4BF6F7D5FF0022AA
:109B9000002380468946F7F737FA00289BD0CDE7A7
:109BA0000B9A002A00F0D080229A012A00F3AE809E
:109BB000139A002A00F0A68003F233430A9C069F02
:109BC000069A01211A440692099A28461A440992D3
:109BD00000F0D4FB0646002F0CDD099B002B09DDAD
:109BE000BB42A8BF3B46069AFF1AD21A0692099AB0
:109BF000D31A09930A9BF3B10B9B002B00F0A880AA
:109C0000002C10DD31462246284600F075FC5A46ED
:109C100001460646284600F0C7FB804659462846BE
:109C200000F0F6FAC3460A9B1A1B04D05946284690
:109C300000F062FC83460121284600F09FFB0E9B4A
:109C40000446002B40F386801A460146284600F061
:109C500053FC229B0446012B7FDD4FF00008236953
:109C600004EB8303186900F03BFBC0F12000099B63
:109C7000184410F01F0000F09280C0F12003042B64
:109C800040F38A80C0F11C00069B074403440693FE
:109C9000099B03440993069B002B05DD59461A4690
:109CA000284600F083FC8346099B002B05DD2146F6
:109CB0001A46284600F07AFC04460F9B002B70D011
:109CC0002146584600F0E2FC00286ADA0023594693
:109CD0000A22284600F0BEFA0B9B83460AF1FF3A9F
:109CE000002B00F09481314600230A22284600F020
:109CF000B1FAB9F1000F064600F39380229B022BC4
:109D000057DC8EE0169BC3F1360357E7089B5C1EB9
:109D10000A9BA342B7BF0A9B1C1BE21A0E9BBEBF45
:109D20000A949B180E93089BB8BF0024002BBBBF5E
:109D3000069B089A069F9F1AACBF089B00233FE72B
:109D40000000E03F000024400A9C069F0B9E42E773
:109D50000A9A6BE7229B012B19DC049BBBB9059B7C
:109D6000C3F313039BB9059B23F000431B0D1B0595
:109D700083B14FF00108069B01330693099B013321
:109D800009930E9B002B7FF46AAF01206FE74FF021
:109D90000008F6E79846F4E73FF47DAF18461C301C
:109DA00072E7089B002B36DC229B022B33DDDDF8AB
:109DB0002090B9F1000F0DD121464B4605222846CF
:109DC00000F048FA01460446584600F05FFC0028BF
:109DD0003FF7B8AD239B039F6FEA030A4FF00008DB
:109DE0002146284600F014FA002E3FF4A7AEB8F141
:109DF000000F05D0B04503D04146284600F008FAD0
:109E00003146284600F004FA98E600242646E1E7A9
:109E1000C246264696E50B9BDDF82090002B00F00D
:109E2000FD80002F05DD31463A46284600F0BEFB96
:109E30000646B8F1000F5CD02846716800F0A8F91A
:109E4000074628B9024640F2EA217F4BFFF728BBBC
:109E5000326906F10C01023292000C30FEF7A5F8CF
:109E600001223946284600F0A1FBB0460646039B76
:109E700001330893039B4B440A93049B03F00103B3
:109E80000993089B2146013B58460493FFF768FA63
:109E9000034641463033069058460B9300F0F6FBDC
:109EA000324681462146284600F00CFCC26807462F
:109EB0000B9B02BB0146584600F0E8FB02460B9B99
:109EC00039462846CDE90B3200F0A2F9229B0C9AC4
:109ED000089F43EA0201099B0B430B9B0DD1392BD1
:109EE00029D0B9F1000F01DD069B3133049A1370BC
:109EF00076E73046B9E70122E2E7B9F1000F06DB69
:109F0000229941EA0909099959EA010120D1002A57
:109F1000ECDD594601222846089300F047FB214614
:109F2000834600F0B3FB0028089B02DCDED1DA0791
:109F3000DCD5392BD8D13923049A13703B461F4600
:109F400017F8012C013B392A50D001321A7047E72B
:109F5000002A03DD392BEED00133C7E7089A0A99AE
:109F600002F8013C8A422AD0594600230A22284698
:109F700000F070F9B04583464FF000034FF00A023D
:109F80004146284607D100F065F980460646089B01
:109F90000133089375E700F05DF9314680460023F0
:109FA0000A22284600F056F90646F0E7B9F1000FFC
:109FB000CCBF4F4601274FF00008039A174459467B
:109FC00001222846089300F0F1FA2146834600F06A
:109FD0005DFB0028B2DC02D1089BDB07AED43B4618
:109FE0001F4613F8012D302AFAD0F9E6039A9A4257
:109FF000A5D131230AF1010A79E7144BFFF7A8BA7A
:10A00000269B002B7FF481AA114BFFF7A1BAB9F16F
:10A01000000F03DC229B022B3FF7CBAE039F2146B0
:10A020005846FFF79DF9039A00F1300307F8013B0A
:10A03000BA1A9145BADD594600230A22284600F093
:10A0400009F98346EBE700BFF3DD00082CDC0008CC
:10A0500051DD0008004870477401002038B50446FF
:10A06000084611460022054D2A601A46FCF735FCC9
:10A07000431C02D12B6803B1236038BDDC3F0020B4
:10A0800070B50E46B1F90E10144600291D4696B063
:10A0900008DA0022B6F90C302A601A0610D44FF400
:10A0A00080630EE06A4600F047FF0028F1DB019A6A
:10A0B00002F47042A2F500535A425A412A60EEE778
:10A0C00040230020236016B070BD00008B8973B55B
:10A0D0009D0706460C4607D504F14703236023611C
:10A0E0000123636102B070BD6A4601ABFFF7C8FF90
:10A0F000009905463046FDF7F1FF48B9B4F90C3038
:10A100009A05EFD423F0030343F00203A381E3E7AE
:10A110000D4BB362A389206043F08003A381009BB1
:10A1200020616361019B5BB13046B4F90E1000F011
:10A1300015FF28B1A38923F0030343F00103A38192
:10A14000A0890543A581CDE7997D0008024B014612
:10A150001868FDF7C3BF00BF20000020034610B5FC
:10A16000C9B202449342184601D1002003E00478AA
:10A1700001338C42F6D110BD0148FDF704BF00BF8A
:10A18000D03F00200148FDF7FFBE00BFD03F0020B8
:10A1900070B5466A04460D4676B91020FFF7D6FF23
:10A1A0000246606220B96621174B184800F094FE01
:10A1B000C0E901660660C660666AF36883B1636AD7
:10A1C000DB6853F82500B8B9012101FA05F6721DC4
:10A1D0002046920000F05EFB60B1C0E901560EE03F
:10A1E00021220421204600F055FB636AF060DB6801
:10A1F000002BE4D1002070BD026843F82520002325
:10A20000C0E90333F7E700BF5EDD000804DE0008A5
:10A2100070B5466A05460C4676B91020FFF796FFE2
:10A220000246686220B98A21084B094800F054FEB2
:10A23000C0E901660660C6603CB16B6A6268DB68B3
:10A2400053F82210216043F8224070BD5EDD000803
:10A2500004DE00082DE9F04107460C461E460020AA
:10A260000D6901F1140CDCF80030013099B202FBE9
:10A2700001611E0C0B0C02FB063389B201EB03419A
:10A2800085424FEA13464CF8041BECDC0EB3A3687E
:10A29000AB4219DC616838460131FFF779FF80462F
:10A2A00028B90246B5210C4B0C4800F015FE226976
:10A2B00004F10C01023292000C30FDF776FE2146CB
:10A2C0003846FFF7A5FF444604EB850301355E6180
:10A2D00025612046BDE8F081F3DD000804DE0008BA
:10A2E000020C12040346CAB90304102013F07F4F76
:10A2F00004BF1B02083013F0704F04BF1B01043071
:10A3000013F0404F04BF9B000230002B05DB13F01D
:10A31000804F00F1010008BF202070470020E5E7D2
:10A320000368024613F007000BD0D90721D4980721
:10A3300049BF5B089B08012013605CBF02201360CB
:10A34000704799B209B910201B0CD9B209B908306D
:10A350001B0A190704BF1B090430990704BF9B0897
:10A360000230D90703D45B0800F1010003D0136069
:10A3700070470020704720207047000010B50C4641
:10A380000121FFF705FF024628B94FF4A071044BE5
:10A39000044800F0A1FD01234461036110BD00BF2A
:10A3A000F3DD000804DE00082DE9F04F91460A694C
:10A3B000D9F810300C469A42BEBF0B464C4699461F
:10A3C0002769D9F810A0A368616807EB0A06B342B1
:10A3D00085B0B8BF0131FFF7DBFE30B9024640F26D
:10A3E0005D11434B434800F077FD00F114052B4607
:10A3F000002205EB8608434521D304F1140303EB47
:10A40000870709F1140303EB8A0202923A1B153AFB
:10A4100022F00302043204F115018F4238BF0422F6
:10A420000192029A03939A420CD8002E03DD58F849
:10A43000043D002B59D0066105B0BDE8F08F43F80C
:10A44000042BD8E7B3F800A0BAF1000F23D0A94637
:10A450004FF0000C04F1140E5EF8042BD9F8001034
:10A460001FFA82FB89B20AFB0B116144D9F800C0C4
:10A47000120C4FEA1C4C0AFB02C202EB114289B2D9
:10A4800041EA024177454FEA124C49F8041BE3D8F0
:10A49000019A45F802C0039A0433B2F80290B9F168
:10A4A000000F20D0AE464FF0000A296804F1140CCA
:10A4B000BCF800B0BEF8022089B209FB0B2292441E
:10A4C00041EA0A414EF8041B5CF8042BBEF8001068
:10A4D000120C09FB0211674501EB1A414FEA114AC0
:10A4E000E6D8019AA95004359BE7013E9DE700BFDD
:10A4F000F3DD000804DE00082DE9F843154612F0EC
:10A50000030206460F4607D0254C013A002354F8B3
:10A510002220FFF79FFE0746AD103DD0746A7CB93C
:10A520001020FFF713FE0246706228B94FF4D7716E
:10A530001C4B1D4800F0D0FCC0E901440460C4601D
:10A54000D6F82480D8F808404CB940F27121304642
:10A55000FFF714FF00230446C8F8080003604FF01B
:10A560000009EB070AD5394622463046FFF71CFFA3
:10A57000804639463046FFF74BFE47466D100BD0FC
:10A58000206838B9224621463046FFF70DFF20608B
:10A59000C0F800900446E4E73846BDE8F88300BF01
:10A5A00078DF00085EDD000804DE00082DE9F047D2
:10A5B0000C46074691462369496803EB6218A36875
:10A5C0004FEA621A08F10106B3420BDB3846FFF787
:10A5D000DFFD054648B9024640F2D911294B2A4809
:10A5E00000F07AFC01315B00EEE7002300F114017A
:10A5F00000F110021846534537DB20692AEAEA7A4F
:10A6000004F1140319F01F0901EB8A0103EB800028
:10A610002FD08A464FF0000CC9F1200E1A6802FABA
:10A6200009F242EA0C024AF8042B53F8042B984230
:10A6300022FA0EFCF2D8031B153B23F0030304336C
:10A6400004F11502904238BF042341F803C0BCF165
:10A65000000F01D008F10206013E384621462E6166
:10A66000FFF7D6FD2846BDE8F08742F8040F013316
:10A67000C1E7043953F8042B984241F8042FF9D864
:10A68000EAE700BFF3DD000804DE000803460A69BC
:10A69000006930B5801A0DD11433143103EB8204F4
:10A6A00001EB820154F8045D51F8042D954202D06B
:10A6B00004D3012030BDA342F4D3FBE74FF0FF30B9
:10A6C000F8E700002DE9F84F0D46074611462846E9
:10A6D0001446FFF7DBFF061E11D131463846FFF75F
:10A6E00057FD024628B940F232213A4B3A4800F071
:10A6F000F3FB0123C0E904361046BDE8F88FA4BF80
:10A7000023462C4638466168A6BF1D460026012612
:10A71000FFF73EFD024618B94FF410712D4BE5E7E7
:10A7200002F11408C2464FF0000C2769C6602E697A
:10A7300004F1140005F1140900EB870E09EB8606FD
:10A74000103454F804BF59F8043B1FFA8BF18C44C1
:10A7500099B21B0CACEB0101C3EB1B4303EB214390
:10A7600089B24FEA234C4E4541EA03434AF8043B81
:10A77000E7D8731B153B23F0030315350433AE42B2
:10A7800038BF0423184443441E46054675450ED37E
:10A790000EF10301091A21F003010338864538BF81
:10A7A0000021194451F8043D8BB11761A4E755F815
:10A7B000048B1FFA88F161440C1404EB184489B22D
:10A7C00041EA04414FEA244C46F8041BDEE7013F0E
:10A7D000E8E700BFF3DD000804DE00082DE9F341DF
:10A7E0000121DDE9087690461D46FFF7D1FC0446BD
:10A7F00030B9024640F20A31244B254800F06CFB88
:10A80000C5F31303C5F30A552DBB0193B8F100033B
:10A8100026D068460093FFF783FD0099F0B1019AB6
:10A82000C0F1200302FA03F30B43C24063610192BB
:10A83000019B002B14BF02210121A3612161C5B13D
:10A84000A5F233450544C0F135003D603060204637
:10A8500002B0BDE8F08143F48013D6E76161E7E719
:10A8600001A8FFF75DFD0121019B2161636120309B
:10A87000E5E704EB8103A0F2324038601869FFF786
:10A880002FFDC0EB41113160E1E700BFF3DD0008AF
:10A8900004DE000870B5A1FB025434B92946FDF767
:10A8A0001DFC064628B9304670BD0C220026026009
:10A8B000F9E72A462146FDF7A0FBF4E72DE9F0472A
:10A8C0008E6882469E420C4690461F4638D88A893A
:10A8D00012F4906F32D0256809690133A5EB0109A4
:10A8E00065694B4405EB450505EBD5756D109D423B
:10A8F00038BF1D46530531D52946FDF7EFFB064607
:10A9000050B90C234FF0FF30CAF80030A38943F050
:10A910004003A381BDE8F0874A462169FDF745FB66
:10A92000A38923F4906343F08003A38126614E44FE
:10A9300026603E466561A5EB0905A560BE4200D9CB
:10A940003E46324641462068FDF73DFBA3680020A5
:10A950009B1BA360236833442360DBE72A4600F097
:10A960001FFB06460028E1D150462169FDF74EFB4A
:10A97000C7E700002DE9F04F98468B8907461B0674
:10A980000D4614469DB00ED50B6963B94021FDF705
:10A99000A5FB2860286120B90C233B604FF0FF30F5
:10A9A000D1E040236B610023099320238DF82930E7
:10A9B00030234FF00109CDF80C80DFF8A4818DF829
:10A9C0002A3023469A4613F8012B0AB1252AF9D1D9
:10A9D000BAEB040B0BD05B46224629463846FFF7FC
:10A9E0006DFF013000F0AA80099A5A4409929AF842
:10A9F0000030002B00F0A28000234FF0FF32CDE9A1
:10AA000005230AF1010A049307938DF853301A9332
:10AA10005446052214F8011B5148FFF79FFB049A86
:10AA2000D8B9D00644BF20238DF85330110744BF56
:10AA30002B238DF853309AF800302A2B15D054462A
:10AA400000204FF00A0C079A214611F8013B303BD9
:10AA5000092B4ED9B0B1079214E0A0EB080309FA14
:10AA600003F31343A2460493D2E7039B191D1B680B
:10AA70000391002BBBBF5B4242F002020793079396
:10AA8000B8BF049223782E2B0CD163782A2B35D1B2
:10AA9000039B02341A1D1B680392002BB8BF4FF0B2
:10AAA000FF330593DFF8BCA0032250462178FFF75F
:10AAB00055FB40B14023A0EB0A0003FA00F0049BD1
:10AAC00001340343049314F8011B062226488DF831
:10AAD0002810FFF743FB002838D0244B1BBB039BF7
:10AAE000073323F0070308330393099B3344099387
:10AAF00067E70C4601200CFB0232A5E700234FF06C
:10AB00000A0C194601340593204610F8012B303AFF
:10AB1000092A03D9002BC5D00591C3E704460123B8
:10AB20000CFB0121F0E703AB00932A463846104B9B
:10AB300004A9FDF7E5FB421C0646D6D1AB895B06AE
:10AB40003FF52CAF09981DB0BDE8F08F03AB009323
:10AB50002A463846064B04A9FDF76EFEEBE700BF18
:10AB600084DF00088ADF00088EDF00080183000808
:10AB7000BDA80008936810B4013B002B936007DA6E
:10AB80009469A34201DB0A2902D110BCFEF706BB7F
:10AB90001368581C10601970084610BC7047F8B54F
:10ABA00006460F461446D518AC4201D1002007E0F6
:10ABB0003A46304614F8011BFFF7DCFF431CF3D183
:10ABC000F8BD00002DE9F04F0D46144698460646A4
:10ABD0009DB018B183690BB9FDF712F9894B9D42FD
:10ABE0001BD175686B6ED90705D4AB899A0502D461
:10ABF000A86DFDF7C8F9AB891B0701D52B69EBB927
:10AC000029463046FEF72EFBC0B16B6EDC070ED531
:10AC10004FF0FF301DB0BDE8F08F7B4B9D4201D15E
:10AC2000B568DFE7794B9D4208BFF568DAE7AB8985
:10AC30009805EDD4A86DFDF7A7F9E9E7002309937E
:10AC400020238DF8293030234FF00109CDF80C80F6
:10AC5000DFF8BC818DF82A3023469A4613F8012B81
:10AC60000AB1252AF9D1BAEB040B0BD05B46224678
:10AC700029463046FFF793FF013000F0AA80099A79
:10AC80005A4409929AF80030002B00F0A280002369
:10AC90004FF0FF32CDE905230AF1010A049307932F
:10ACA0008DF853301A935446052214F8011B584866
:10ACB000FFF754FA049AD8B9D10644BF20238DF87F
:10ACC0005330130744BF2B238DF853309AF80030CC
:10ACD0002A2B15D0544600204FF00A0C079A214623
:10ACE00011F8013B303B092B4ED9B0B1079214E06B
:10ACF000A0EB080309FA03F31343A2460493D2E737
:10AD0000039B191D1B680391002BBBBF5B4242F0E4
:10AD1000020207930793B8BF049223782E2B0CD11D
:10AD200063782A2B35D1039B02341A1D1B680392CA
:10AD3000002BB8BF4FF0FF330593DFF8D8A00322F4
:10AD400050462178FFF70AFA40B14023A0EB0A00F1
:10AD500003FA00F0049B01340343049314F8011B2D
:10AD600006222D488DF82810FFF7F8F900283FD06B
:10AD70002A4B1BBB039B073323F0070308330393C2
:10AD8000099B3B44099367E70C4601200CFB023208
:10AD9000A5E700234FF00A0C19460134059320461D
:10ADA00010F8012B303A092A03D9002BC5D00591A0
:10ADB000C3E7044601230CFB0121F0E703AB00933A
:10ADC0002A463046164B04A9FDF79AFA0746781C26
:10ADD000D6D16B6ED90705D4AB899A0502D4A86D7C
:10ADE000FDF7D2F8AB895B063FF512AF099811E782
:10ADF00003AB00932A463046094B04A9FDF71CFD1E
:10AE0000E4E700BFD8DB0008F8DB0008B8DB000887
:10AE100084DF00088ADF00088EDF00080183000855
:10AE20009FAB000870B50D461446064618B18369FD
:10AE30000BB9FCF7E5FF1C4B9C4224D17468636E90
:10AE4000D80705D4A389990502D4A06DFDF79BF816
:10AE5000A368013B002BA36005DAA26993421CDBC7
:10AE6000EBB20A2B19D023685A1C22601D70EDB278
:10AE7000636EDA0705D4A3899B0502D4A06DFDF7A4
:10AE800083F8284670BD094B9C4201D1B468D6E7CF
:10AE9000074B9C4208BFF468D1E72946224630465A
:10AEA000FEF77CF90546E3E7D8DB0008F8DB00088D
:10AEB000B8DB000838B50446084611460022054DA7
:10AEC0002A601A46FBF7EFFC431C02D12B6803B142
:10AED000236038BDDC3F00201FB514461A46094BDD
:10AEE00005461B68D8684CB1074BCDE90134009189
:10AEF0002B46064900F00EF800F08EF8044B1C4675
:10AF0000F3E700BF2000002095DF0008A2DF000863
:10AF1000D0DF00080EB403B5014603AB054853F873
:10AF2000042B00680193FFF74DFE02B05DF804EBBF
:10AF300003B070472000002038B50023064D0446BA
:10AF4000084611462B60FBF7C1FC431C02D12B685D
:10AF500003B1236038BD00BFDC3F002038B50023BB
:10AF6000054D044608462B60FBF7B5FC431C02D197
:10AF70002B6803B1236038BDDC3F002082B001B9EB
:10AF800001A942B14BB113780B601278101E18BFA3
:10AF9000012002B070471046FBE76FF00100F8E7B0
:10AFA0002DE9F041804614460E4621B91146BDE810
:10AFB000F041FDF793B82AB9FDF728F82546284651
:10AFC000BDE8F08100F02FF88442074602D8B4EBC8
:10AFD000500F12D821464046FDF780F8054600285C
:10AFE000EDD0BC422246314628BF3A46FCF7DDFF91
:10AFF00031464046FDF70AF8E1E73546DFE703460C
:10B00000084641B1FF2A04D98A224FF0FF301A6066
:10B01000704701200A707047062008B500F034F828
:10B020000120FBF73AFC51F8043C181F002BBCBF71
:10B030000B58C01870471F2938B504460D4604D96F
:10B04000162303604FF0FF3038BD426C12B152F846
:10B0500021304BB9204600F031F82A4601462046FF
:10B06000BDE8384000F018B8012B0AD0591C03D1B4
:10B07000162303600120E7E70024284642F8254014
:10B0800098470020E0E70000024B01461868FFF7F0
:10B09000D2BF00BF2000002038B50023064D044673
:10B0A000084611462B60FBF7F0FB431C02D12B68CE
:10B0B00003B1236038BD00BFDC3F0020FBF7E3BBDA
:10B0C000F8B500BFF8BC08BC9E467047F8B500BF95
:08B0D000F8BC08BC9E46704765
:10B0D80000CE000804CE000808CE00080CCE0008F8
:10B0E80010CE000814CE000818CE000824CE0008A0
:10B0F80030CE00083CCE000844CE00084CCE0008F4
:10B108003CCE000858CE0008B8CF000860CE000832
:10B1180068CE000870CE000858CE00080000000075
:10B128000000000000000000000000000000000017
:10B138000000000000000000000000000000000007
:10B148000000000C000C000C000C000C000C000CA3
:10B15800000C000C000C000C0000000C000C00009F
:10B16800000000000000001B001B001B001B001B50
:10B1780000000000000000000000000000000000C7
:10B1880000000000000000000000801980198019EC
:10B198008019C07FC07F80190033C07FC07F003313
:10B1A8000033003300330000000000000000001EE0
:10B1B800003F807580650074003C001E0007800514
:10B1C800806580658075003F001E00040004000053
:10B1D8000000007000D840D8C0D880D9007300069D
:10B1E800000C801BC036C066C046C0068003000045
:10B1F800000000000000001E003F00330033003351
:10B20800001E000CC03CC066806380618063C03E45
:10B21800801C0000000000000000000C000C000C66
:10B22800000C000C000000000000000000000000FE
:10B238000000000000000000000000008000000185
:10B248000003000600060004000C000C000C000CB3
:10B25800000C000C0004000600060003000180003A
:10B26800002000100018000C000C00040006000666
:10B2780000060006000600060004000C000C00187A
:10B28800001000200000000C002D003F001E0033BD
:10B2980000000000000000000000000000000000A6
:10B2A8000000000000000000000000000000000C8A
:10B2B800000C000C000CC0FFC0FF000C000C000CC0
:10B2C800000C00000000000000000000000000006A
:10B2D8000000000000000000000000000000000066
:10B2E800000000000000000C000C0004000400082E
:10B2F8000000000000000000000000000000000046
:10B308000000001E001E00000000000000000000F9
:10B318000000000000000000000000000000000025
:10B328000000000000000000000000000000000C09
:10B33800000C0000000000000000000300030003F0
:10B348000006000600060006000C000C000C000CAD
:10B358000018001800180000000000000000003F5E
:10B3680080618061806180618061806180618061CD
:10B378008061806180618061003F00000000000002
:10B388000000000C001C003C006C004C000C000C81
:10B39800000C000C000C000C000C000C000C000051
:10B3A800000000000000003F806180618061800132
:10B3B800800100030006000C0018003000600060E7
:10B3C800807F0000000000000000003F8061806175
:10B3D80080018001800100078001800180018001D7
:10B3E80080618061003F000000000000000000064E
:10B3F800000E000E001E003600660066006600663D
:10B40800807F00060006000600060000000000001D
:10B418000000007F0060006000600060007F800125
:10B42800800180018001800180618061003F00000F
:10B43800000000000000003F8061806180610060C2
:10B448000060007F806180618061806180618061CF
:10B45800003F0000000000000000807F80018001A4
:10B46800000300030006000C000C00180018003050
:10B478000030006000600000000000000000003F95
:10B4880080618061806180618061003F806180614E
:10B498008061806180618061003F000000000000E1
:10B4A8000000003F80618061806180618061803F31
:10B4B800800180018001800180618061003F00007F
:10B4C8000000000000000000000000000000000C68
:10B4D800000C000000000000000000000000000C4C
:10B4E800000C000000000000000000000000000048
:10B4F80000000000000C000C00000000000000002C
:10B508000000000C000C000400040008000000000B
:10B518000000000080008003000E00380060003842
:10B52800000E800380000000000000000000000002
:10B5380000000000000000000000807F807F000005
:10B548000000807F807F00000000000000000000F5
:10B558000000000000000000000000000040007033
:10B56800001C000780010007001C0070004000005C
:10B5780000000000000000000000001F803FC071B4
:10B58800C060C000C00180030007000E000C000C62
:10B598000000000C000C0000000000000000001E6D
:10B5A800003F803180718063806F806D806D806F17
:10B5B800806700600032003E001C000000000000B0
:10B5C8000000000E000E001B001B001B001B80313A
:10B5D8008031803F803F8031C060C060C060000023
:10B5E800000000000000007C007E00630063006330
:10B5F8000063007E007E0063806180618063007F5D
:10B60800007E0000000000000000001E003F8031A6
:10B618008061006000600060006000600060806120
:10B628008031003F001E0000000000000000007C88
:10B63800007F0063806380618061806180618061D8
:10B64800806100630063007E007C00000000000051
:10B658000000807F807F0060006000600060007FE5
:10B66800007F0060006000600060807F807F0000D5
:10B67800000000000000807F807F006000600060A4
:10B688000060007F007F0060006000600060006074
:10B6980000600000000000000000001E003F803134
:10B6A8008061006000600060806380638061806109
:10B6B8008031803F001E0000000000000000806113
:10B6C80080618061806180618061807F807F80612E
:10B6D80080618061806180618061000000000000FD
:10B6E8000000003F003F000C000C000C000C000C98
:10B6F800000C000C000C000C000C003F003F000088
:10B7080000000000000080018001800180018001AC
:10B718008001800180018001806180618073003F29
:10B72800001E0000000000000000C060806100638F
:10B7380000660066006C0078007C006600660063A6
:10B7480080618061C06000000000000000000060AF
:10B7580000600060006000600060006000600060E1
:10B76800006000600060807F807F000000000000B3
:10B778000000C071C071C07BC07AC06AC06AC06E68
:10B78800C064C060C060C060C060C060C0600000CD
:10B7980000000000000080718071807980798079D4
:10B7A800806D806D806D806580678067806780634D
:10B7B80080630000000000000000001E003F00330E
:10B7C8008061806180618061806180618061806169
:10B7D8000033003F001E0000000000000000007E53
:10B7E800007F80638061806180618063007F007E6C
:10B7F8000060006000600060006000000000000061
:10B808000000001E003F003380618061806180611C
:10B8180080618061806580670033803F401E000042
:10B82800000000000000007E007F8063806180616E
:10B838008063007F007E0066006300638061806132
:10B84800C0600000000000000000000E001F8031F2
:10B85800803100300038001E00078003806180615D
:10B868008031003F001E0000000000000000C0FF03
:10B87800C0FF000C000C000C000C000C000C000CAD
:10B88800000C000C000C000C000C00000000000074
:10B898000000806180618061806180618061806179
:10B8A80080618061806180618073003F001E0000BC
:10B8B800000000000000C060C060C06080318031BE
:10B8C8008031001B001B001B001B000E000E000E29
:10B8D80000040000000000000000C0C0C0C0C0C0DC
:10B8E800C0C0C0C0C0CC804C804C805E80528052AA
:10B8F8008073806180610000000000000000C0C00B
:10B90800806080610033003B001E000C000C001EAC
:10B91800001F003B80718061C0C000000000000073
:10B928000000C0C08061806100330033001E001E2B
:10B93800000C000C000C000C000C000C000C0000AB
:10B94800000000000000803F803F800100030003EA
:10B958000006000C000C0018001800300060807F02
:10B96800807F000000000000000F000F000C000C9A
:10B97800000C000C000C000C000C000C000C000C5F
:10B98800000C000C000C000C000F000F0000001849
:10B9980000180018000C000C000C000C0006000633
:10B9A800000600060003000300030000000000007A
:10B9B800001E001E0006000600060006000600061F
:10B9C800000600060006000600060006000600063F
:10B9D800001E001E0000000C000C001E00120033A8
:10B9E800003380618061000000000000000000005A
:10B9F800000000000000000000000000000000003F
:10BA0800000000000000000000000000000000002E
:10BA18000000000000000000E0FF00000000003807
:10BA28000018000C000000000000000000000000EA
:10BA380000000000000000000000000000000000FE
:10BA480000000000000000000000001F803F80612F
:10BA58008001801F803F80618063807FC038000044
:10BA68000000000000000060006000600060006EE0
:10BA7800007F807380618061806180618073007F56
:10BA8800006E000000000000000000000000000040
:10BA98000000001E003F80738061006000608061CC
:10BAA8008073003F001E00000000000000008001BD
:10BAB800800180018001801D803F807380618061EA
:10BAC800806180618073803F801D0000000000005D
:10BAD80000000000000000000000001E003F00738E
:10BAE8008061807F807F00608071003F001E0000C1
:10BAF800000000000000C007C00F000C000C807F91
:10BB0800807F000C000C000C000C000C000C000CDA
:10BB1800000C000000000000000000000000000011
:10BB2800801D803F80738061806180618061807347
:10BB3800803F801D80018063007F003E0000006020
:10BB4800006000600060006F807F807180618061AC
:10BB58008061806180618061806100000000000078
:10BB680000000006000600000000003E003E00063F
:10BB78000006000600060006000600060006000093
:10BB8800000000000006000600000000003E003E25
:10BB9800000600060006000600060006000600066D
:10BBA80000060046007E003C000000600060006067
:10BBB8000060806100630066006C007C00760063B2
:10BBC80000638061C0600000000000000000003ECB
:10BBD800003E0006000600060006000600060006F5
:10BBE800000600060006000600060000000000002F
:10BBF8000000000000000000000080DDC0FFC0CE93
:10BC0800C0CCC0CCC0CCC0CCC0CCC0CCC0CC000058
:10BC18000000000000000000000000000000006FAD
:10BC2800807F8071806180618061806180618061D6
:10BC3800806100000000000000000000000000001B
:10BC48000000001E003F8073806180618061806118
:10BC58008073003F001E000000000000000000008C
:10BC680000000000006E007F807380618061806149
:10BC780080618073007F006E00600060006000607B
:10BC88000000000000000000801D803F807380617C
:10BC98008061806180618073803F801D80018001A8
:10BCA8008001800100000000000000000000006723
:10BCB800803F003900300030003000300030003064
:10BCC800003000000000000000000000000000003C
:10BCD8000000001E803F80610060007F803F80017F
:10BCE8008061007F001E00000000000000000000CE
:10BCF800000800180018007F007F001800180018BE
:10BD0800001800180018801F800F000000000000B5
:10BD18000000000000000000000080618061806178
:10BD280080618061806180618063807F807D007038
:10BD38000070000000000000000000000000C0606B
:10BD4800803180318031001B001B001B000E000E6B
:10BD580000060000000000000000000000000000D5
:10BD6800000080DD80DD80DD00550055005500773E
:10BD78000077002200220000000000000000000000
:10BD8800000000000000806100330033001E000C3A
:10BD9800000C001E0033003380610000000000002A
:10BDA80000000000000000008061806180310033E5
:10BDB8000033001B001B001B000E000E000E001CB1
:10BDC800007C007000000000000000000000C07F40
:10BDD800C07F800100030006000C00180030C07FFF
:10BDE800C07F0000000000008003800700060006F6
:10BDF800000600060006000E001C001C000E0006CF
:10BE080000060006000600068007800300060006FC
:10BE180000060006000600060006000600060006EA
:10BE280000060006000600060006000600060006DA
:10BE38000038003C000C000C000C000C000C000E3C
:10BE480000070007000E000C000C000C000C000C92
:10BE5800003C003800000000000000000000000066
:10BE680000008038807F00470000000000000000CC
:10BE780000000000000000000000000000000000BA
:10BE880000000000000000000000000000000000AA
:10BE9800000000000000000000000000000000009A
:10BEA800000000000000000000000000000000008A
:10BEB8000000000000000000000000000000C003B7
:10BEC800C003C003C003C003C003C003C003C00352
:10BED800C003C003C003C003C00380018001800108
:10BEE800000000000000C003C003C003C003C0037B
:10BEF8000000000000000000000000001C0E1C0EE6
:10BF08003C1E381E781C783C783C783C783C783C61
:10BF1800783C000000000000000000000000000065
:10BF28000000000000000000000000000000000009
:10BF380000000000000000000000000000008E0368
:10BF48008E039C039C031C071C07FE3FFF7FFF7F9B
:10BF5800FF7F380E300E700E700E700CFCFFFEFF67
:10BF6800FEFFFCFFE018E038E038C038C039C031C7
:10BF780000000000000000008001800180018001B5
:10BF8800E003F80FF81FF81F983D803D803D803D85
:10BF9800803FC01FF01FF80FFC07FC01BC019C018B
:10BFA8009C019C31FC3DFC3FF83FF01FC001800123
:10BFB8008001800180018000000000000000000076
:10BFC800003E007F007F006380E380E380E3007F22
:10BFD8000E7F3C3E7000C0018007381E7C78FE60F2
:10BFE800EE00C700C701C700E700FE007C0038006C
:10BFF800000000000000000000000000E003F0075F
:10C00800F00FF01F301E001C001C001E001E000F49
:10C01800000F801F803FC63FC77BE771E771E7705D
:10C02800FE707E707E783C78FC7FFE3FFE3FCF0F2F
:10C03800000000000000000000000000E000E00038
:10C04800C001C001C003C003C003C003C003C003D4
:10C05800C003000000000000000000000000000015
:10C0680000000000000000000000000000000000C8
:10C07800000000000000000030007000E000E00058
:10C08800E001C001C001C003C00380038003800732
:10C098008007800780078007800780078007800760
:10C0A800800780038003C003C003C001C001E00112
:10C0B800E000E000700000000006000F00078007A5
:10C0C80080038003C003C003C001C001E001E00198
:10C0D800E001E001E000E000E000E001E001E00153
:10C0E800E001E001C001C001C003C0038003800378
:10C0F80000070007000F000000000000000000001B
:10C1080000000000800180018001800186619E7925
:10C11800BC3DF81FF00FC003E007F81FBC3D9E7937
:10C128008E718421800180018001000000000000E0
:10C1380000000000000000000000000000000000F7
:10C1480000000000C001C001C001C001C001C00161
:10C15800C001FE7FFE7FFE7FFE7FC003C001C001DD
:10C16800C001C001C001C001C00100000000000002
:10C1780000000000000000000000000000000000B7
:10C1880000000000000000000000000000000000A7
:10C198000000000000000000000000000000000097
:10C1A800C003E003E003E003E003C003C00380032F
:10C1B80080070007000700000000000000000000E2
:10C1C8000000000000000000000000000000000067
:10C1D80000000000FE3FFE7FFE7FFE7FFE3F000066
:10C1E8000000000000000000000000000000000047
:10C1F8000000000000000000000000000000000037
:10C208000000000000000000000000000000000026
:10C218000000000000000000000000000000000016
:10C2280000000000C003C003C003C003C003C00374
:10C2380000000000000000000000000000000000F6
:10C248000E001C001C003800380030007000700020
:10C25800E000E000C001C001800180038003000706
:10C268000007000E000E000C001C001C00380038EF
:10C27800000000000000000000000000E007F00FD0
:10C28800F81F3C3C1C381C381C381C381C381C381F
:10C298001C381C381C381C381C381C381C381C38F6
:10C2A8001C381C381C381C381C383C3C781EF00FD5
:10C2B800E007000000000000000000000000E007A8
:10C2C800E00FE01FE01FE001E001E001E001E00114
:10C2D800E001E001E001E001E001E001E001E0014E
:10C2E800E001E001E001E001E001E001E001E0013E
:10C2F800000000000000000000000000E007F03F20
:10C30800F83FFC3F7C383C003C003C003C003C00D3
:10C3180078007800F000F001E001C003C007800752
:10C32800000F001E001C003CFC3FFC3FFC3FFC3F94
:10C33800000000000000000000000000C007F01F1F
:10C34800F83FF83F7C3C3C003C003C003C00780057
:10C35800F807F007E007F007F8033C003C001C0072
:10C368001C001C003C003C00FC3FF83FF83FE03F4D
:10C37800000000000000000000000000000078003D
:10C38800F800F801F801F803F807F807780F780FB4
:10C39800781E781E783C783C787878787878FE7FB4
:10C3A800FE7FFE7FFE7F78007800780078007800B6
:10C3B8000000000000000000000000000000F81F5E
:10C3C800F81FF81FF81F001C001C001C001C001C94
:10C3D800E01FF01FF81FFC1F7C003C001E001E0021
:10C3E8001E001E003C007C00F83FF83FF03FE03F95
:10C3F800000000000000000000000000E000F8035A
:10C40800FC07F80F9C1F001E001C003C003C003C71
:10C41800F03DF83FFC3F7C3F3C3E1E3C1E3C1E3C32
:10C428001E3C1E3C1E3C3C1EFC1FFC0FF80FF00778
:10C438000000000000000000000000000000FC3FB9
:10C44800FC3FFC3FFC3F3C00380078007800780057
:10C45800F000F000F000E001E001E001C003C003DB
:10C46800C003C003800780078007000F000F000F7C
:10C47800000000000000000000000000C003F00FF2
:10C48800F80FF81F7C1E3C3C3C3C1C3C3C3C3C1CD4
:10C49800781EF00FF007F00FF81F3C3C1C3C1C38CE
:10C4A8001C381C381C383C3CFC3FF81FF81FF00FA8
:10C4B8000000000000000000000000000000E0078D
:10C4C800F01FF81F783E3C3C3C383C383C383C3840
:10C4D8003C383C3C3C3CFC3FFC1FFC0F1C001C0057
:10C4E8001C001C001C001C00FC1FFC1FFC1FF81F6C
:10C4F8000000000000000000000000000000000034
:10C508000000000000000000000000000000000023
:10C518000000000000200020002000200020002053
:10C52800000000200000000000000028005000501B
:10C5380000000000000000000000000000000000F3
:10C54800000000000028002800FC0028005000FC23
:10C55800005000500000000000000020007800A8F3
:10C5680000A000600030002800A800F000200000B3
:10C5780000000000004800A800B000500028003467
:10C588000054004800000000000000000020005097
:10C598000050007800A800A80090006C000000007F
:10C5A8000000004000400080000000000000000083
:10C5B8000000000000000000000000040008001057
:10C5C8000010001000100010001000080004000007
:10C5D80000000040002000100010001000100010A3
:10C5E80000100020004000000000000000000020B3
:10C5F80000A80070007000A80020000000000000E3
:10C608000000000000200020002000F8002000208A
:10C6180000200000000000000000000000000000F2
:10C628000000000000000000000000400040008002
:10C638000000000000000000000000F800000000FA
:10C6480000000000000000000000000000000000E2
:10C658000000000000000000000000400000000092
:10C66800000000080010001000100020002000400A
:10C6780000400040008000000000000000700088BA
:10C68800008800880088008800880070000000008A
:10C698000000000000200060002000200020002092
:10C6A80000200070000000000000000000700088FA
:10C6B8000088001000200040008000F80000000002
:10C6C8000000000000700088000800300008000822
:10C6D800008800700000000000000000001000301A
:10C6E8000050005000900078001000180000000072
:10C6F8000000000000F80080008000F0000800083A
:10C708000088007000000000000000000070009029
:10C71800008000F000880088008800700000000099
:10C728000000000000F80090001000200020002009
:10C7380000200020000000000000000000700088B9
:10C7480000880070008800880088007000000000E1
:10C758000000000000700088008800880078000849
:10C768000048007000000000000000000000000009
:10C778000020000000000000000000200000000071
:10C788000000000000000000000000200000000081
:10C798000000002000200000000000040008001035
:10C7A80000200040002000100008000400000000E5
:10C7B800000000000000000000F80000000000F881
:10C7C80000000000000000000000004000200010F1
:10C7D80000080004000800100020004000000000CD
:10C7E8000000000000700088008800100020002071
:10C7F8000000002000000000000000000070008819
:10C80800009800A800A800B8008000780000000088
:10C818000000000000200020003000500050007888
:10C82800004800CC000000000000000000F00048B4
:10C838000048007000480048004800F00000000070
:10C8480000000000007800880080008000800080E0
:10C8580000880070000000000000000000F00048A0
:10C868000048004800480048004800F00000000068
:10C878000000000000F80048005000700050004020
:10C88800004800F8000000000000000000F8004820
:10C898000050007000500040004000E00000000020
:10C8A800000000000038004800800080009C0088DC
:10C8B80000480030000000000000000000CC0048E4
:10C8C8000048007800480048004800CC00000000FC
:10C8D8000000000000F800200020002000200020B8
:10C8E800002000F80000000000000000007C00109C
:10C8F80000100010001000100010009000E0000070
:10C908000000000000EC004800500060005000509B
:10C91800004800EC000000000000000000E00040BB
:10C928000040004000400040004400FC00000000BF
:10C938000000000000D800D800D800D800A800A83F
:10C9480000A800A8000000000000000000DC00486B
:10C958000068006800580058004800E8000000001F
:10C9680000000000007000880088008800880088A7
:10C9780000880070000000000000000000F000487F
:10C988000048007000400040004000E00000000047
:10C99800000000000070008800880088008800E817
:10C9A80000980070001800000000000000F0004827
:10C9B8000048007000500048004800EC00000000EB
:10C9C8000000000000780088008000600010000867
:10C9D800008800F0000000000000000000F800A837
:10C9E800002000200020002000200070000000002F
:10C9F8000000000000CC00480048004800480048FB
:10CA080000480030000000000000000000CC004892
:10CA180000480050005000300020002000000000B6
:10CA28000000000000A800A800A8007000500050F6
:10CA380000500050000000000000000000D8005026
:10CA48000050002000200050005000D800000000D6
:10CA58000000000000D800500050002000200020F6
:10CA680000200070000000000000000000F80090A6
:10CA78000010002000200040004800F800000000DE
:10CA880000000038002000200020002000200020A6
:10CA98000020002000380000000000400040004056
:10CAA8000020002000100010001000080000000006
:10CAB800000000700010001000100010001000109E
:10CAC800001000100070000000000020005000005E
:10CAD800000000000000000000000000000000004E
:10CAE800000000000000000000000000000000003E
:10CAF80000000000000000FC000000200000000012
:10CB0800000000000000000000000000000000001D
:10CB1800000000000000000000000030004800385D
:10CB28000048003C000000000000000000C0004079
:10CB380000400070004800480048007000000000F5
:10CB4800000000000000000000000038004800401D
:10CB58000040003800000000000000000018000835
:10CB680000080038004800480048003C0000000069
:10CB780000000000000000000000003000480078BD
:10CB8800004000380000000000000000001C0020E9
:10CB9800002000780020002000200078000000001D
:10CBA80000000000000000000000003C00480030C9
:10CBB80000400078004400380000000000C0004039
:10CBC8000040007000480048004800EC00000000E9
:10CBD800000000000020000000000060002000208D
:10CBE800002000700000000000000000001000009D
:10CBF800000000300010001000100010001000E0CD
:10CC08000000000000C000400040005C00500070C0
:10CC1800004800EC000000000000000000E00020D8
:10CC28000020002000200020002000F80000000064
:10CC38000000000000000000000000F000A800A8AC
:10CC480000A800A80000000000000000000000008C
:10CC5800000000F000480048004800EC0000000018
:10CC680000000000000000000000003000480048FC
:10CC78000048003000000000000000000000000034
:10CC8800000000F00048004800480070004000E044
:10CC980000000000000000000000003800480048C4
:10CCA800004800380008001C0000000000000000D8
:10CCB800000000D800600040004000E000000000D4
:10CCC8000000000000000000000000780040003074
:10CCD80000080078000000000000000000000020AC
:10CCE8000020007000200020002000180000000034
:10CCF8000000000000000000000000D800480048C4
:10CD08000048003C00000000000000000000000097
:10CD1800000000EC00480050003000200000000037
:10CD28000000000000000000000000A800A800703B
:10CD3800005000500000000000000000000000004B
:10CD4800000000D800500020005000D8000000006B
:10CD58000000000000000000000000EC0048005047
:10CD680000300020002000C000000000000000008B
:10CD7800000000780010002000200078000000006B
:10CD88000000001800100010001000200010001013
:10CD98000010001000180000001000100010001013
:10CDA80000100010001000100010001000100010FB
:10CDB800000000600020002000200010002000205B
:10CDC8000020002000600000004000A400180000BF
:10CDD800000000000000000000000000000000004B
:10CDE8000B12207E24B100081020203980BE0008D4
:10CDF800080C207E00C500085345520050415200DF
:10CE0800412D5300412D5000412D2D004552520017
:10CE1800696E64756374616E636500006361706157
:10CE2800636974616E636500726573697374616EBA
:10CE3800636500006175746F0000000073657269B6
:10CE480065730000706172616C6C656C00000000B5
:10CE58006572726F72000000617363696900000097
:10CE680062696E6172790000647574003F000000A9
:10CE780020202020202020202020202020202020AA
:10CE880020202E2E20746869732068656C7000005D
:10CE980068656C7000000000626175647261746599
:10CEA800000000005B62617564726174655D20203A
:10CEB8002020202020202E2E20726561642F73658B
:10CEC800742073657269616C206261756472617443
:10CED800650000005B6F6666206173632062696E9F
:10CEE800206475745D202E2E20726561642F736531
:10CEF800742073656E64696E67207265616C2D7449
:10CF0800696D6520646174610000000020202020A4
:10CF180020202020202020202020202020202E2EED
:10CF280020726561642063757272656E7420445561
:10CF38005420706172616D73000000006672657143
:10CF480075656E63790000005B487A5D20202020BB
:10CF5800202020202020202020202E2E20726561D5
:10CF6800642F736574206D6561737572656D656E88
:10CF780074206672657175656E637900686F6C649C
:10CF88000000000020202020202020202020202019
:10CF98002020202020202E2E20746F67676C6520AB
:10CFA800646973706C617920686F6C64206F6E2F90
:10CFB8006F6666006C63726D6F6465005B72206CEF
:10CFC8002069206320615D202020202020202E2E33
:10CFD80020726561642F736574204C4352206D6F15
:10CFE8006465000073706D6F646500005B7320708A
:10CFF80020615D20202020202020202020202E2E8F
:10D0080020726561642F7365742053657269657356
:10D018002F506172616C6C656C2F4175746F206D57
:10D028006F6465006F70656E63616C00202020205E
:10D0380020202020202020202020202020202E2ECC
:10D048002072756E206F70656E2070726F62652039
:10D0580063616C6962726174696F6E0073686F7284
:10D068007463616C00000000202020202020202014
:10D07800202020202020202020202E2E2072756E97
:10D088002073686F727465642070726F62652063C4
:10D09800616C6962726174696F6E00007265626FBB
:10D0A8006F74000020202020202020202020202015
:10D0B8002020202020202E2E207265626F6F742081
:10D0C8007468697320756E69740000006465666130
:10D0D800756C747300000000202020202020202080
:10D0E800202020202020202020202E2E2072657332
:10D0F800746F72652064656661756C7473000000F6
:10D108002020202020202020202020202020202017
:10D1180020202E2E207468697320756E6974732020
:10D1280076657273696F6E002530332E31660000A4
:10D138002530322E306600002530342E326600004D
:10D148002530342E316600002530332E306600003D
:10D158002530352E336600002530352E3266000026
:10D168002530352E316600002530342E306600001B
:10D178002530362E346600002530362E3366000002
:10D188002530362E326600002530362E31660000F6
:10D198002530352E306600004D3138310000000052
:10D1A800256C7500312E3063000000007625730071
:10D1B8004C4352204D657465720000004857204A60
:10D1C80059455465636800004657204A616920261E
:10D1D80020316F31310000002575000053484F524F
:10D1E800542063616C202564000000004F50454EB8
:10D1F8002063616C2025640025302E31666B0000A9
:10D20800484F4C4400000000666173740000000041
:10D21800756D6B4D4700000025302E31660000000B
:10D22800706E756D6B4D47006D6B4D4700000000CB
:10D23800455200005100000020257520487A000062
:10D248002025302E3366206B487A000050524F421A
:10D2580045204552524F5200560000004900000038
:10D2680025752C0025302E33662C000025302E33F2
:10D27800660A00000A4455543A0A2046726571202D
:10D28800257520487A0A20202020562025302E3364
:10D29800662025635620726D730A202020204920BD
:10D2A80025302E33662025634120726D730A2020B5
:10D2B8005068692025302E3366206465670A20206F
:10D2C80020205A2025302E33662025630A000000CE
:10D2D800756D0000706E756D000000002020204CF8
:10D2E800732025302E3366202563480A20202043EA
:10D2F800732025302E3366202563460A20202052CD
:10D30800732025302E33662025630A204553527337
:10D318002025302E33662025630A202020447320E0
:10D3280025302E33662025630A20202051732025BE
:10D33800302E33662025630A20202058732025309C
:10D348002E33662025630A002020204C70202530CB
:10D358002E3366202563480A20202043702025307C
:10D368002E3366202563460A20202052702025305F
:10D378002E33662025630A20455352702025302E0F
:10D3880033662025630A20202044702025302E3360
:10D39800662025630A20202051702025302E336610
:10D3A8002025630A20202058702025302E3366203F
:10D3B80025630A00706F7200504F520070696E004A
:10D3C80050494E0073667400534654006977646789
:10D3D8000000000049574447000000007777646761
:10D3E8000000000057574447000000006C70777237
:10D3F800000000004C505752000000006C73697226
:10D40800647900004C534952445900000A436F6D37
:10D418006D616E6473205B706172616D735D20284D
:10D428006361736520696E73656E73697469766587
:10D438002C2063616E2062652073686F7274656E5C
:10D44800656429202E2E00002020252D2A732025F2
:10D45800730A00000A726573746F72696E672064DC
:10D46800656661756C7473202E2E00000A657272F1
:10D478006F723A20626175647261746520706172BE
:10D48800616D20272573270A000000000A62617574
:10D49800647261746520256C750A00000A627573F0
:10D4A800790000000A6F70656E2070726F626520E7
:10D4B80063616C6962726174696F6E202E2E000060
:10D4C8000A73686F727465642070726F6265206396
:10D4D800616C6962726174696F6E202E2E000000A3
:10D4E8000A6572726F723A206672657175656E634D
:10D4F8007920706172616D20272573270A0000006A
:10D5080020257520487A0A000A6D65617375726571
:10D518006D656E74206672657175656E6379202518
:10D52800730A00006C656E7A000000000A6572726A
:10D538006F723A206C6372206D6F6465207061723F
:10D54800616D20272573270A000000000A6C6372AA
:10D55800206D6F64652025730A0000000A657272E9
:10D568006F723A207370206D6F646520706172610C
:10D578006D20272573270A000A7370206D6F646574
:10D588002025730A000000000A6572726F723A2043
:10D598006461746120706172616D20272573270AA8
:10D5A800000000000A64617461206D6F64652025C5
:10D5B800730A00000A646973706C617900000000E6
:10D5C80020686F6C640000002072756E0000000017
:10D5D8000A7265626F6F74696E67202E2E000000F4
:10D5E8000A4D313831204C4352204D657465722004
:10D5F8007625732025732025732025732025732015
:10D6080025732025732025730A0000000A657272AD
:10D618006F723A20756E6B6E6F776E20636F6D6DEB
:10D62800616E6420272573270A0000000A6F706561
:10D638006E2070726F62652063616C6962726174DA
:10D64800696F6E20646F6E65000000000A73686F72
:10D65800727465642070726F62652063616C6962C0
:10D66800726174696F6E20646F6E65000A0A726574
:10D67800626F6F746564204D313831204C435220FD
:10D688004D657465722076257320257320257320D7
:10D6980025732025732025732025732025730A0000
:10D6A8000A73657474696E677320736176656400C4
:10D6B8000000F001F8031C07060C060C060C060C0B
:10D6C800060C0C061803180318031A0B1E0F00008B
:10D6D800000000006400E8030001030274CE0008A3
:10D6E80078CE00080100000098CE000878CE000827
:10D6F80002000000A0CE0008ACCE00080300000025
:10D708000CCF0008DCCE00080700000070CE00082F
:10D7180014CF00080800000044CF000850CF0008CC
:10D728000A00000084CF00088CCF00080900000020
:10D73800BCCF0008C4CF00080B000000ECCF0008E5
:10D74800F4CF00080C0000002CD0000834D00008EA
:10D758000500000064D0000870D000080600000032
:10D76800A4D00008ACD000080F000000D4D00008F6
:10D77800E0D000080400000028D1000808D1000803
:10D788001000000000000000A8D5000800000000FC
:10D798000000000000000000010203040607080959
:10D7A8000000000001020304DB0F49BFE4CB164070
:10D7B800E4CB16C000000080DB0F4940DB0F49C0F6
:10D7C800000FC93F000F494000CB9640000FC940E9
:10D7D8000053FB4000CB164100ED2F41000F49419B
:10D7E8000031624100537B41003A8A4100CB9641A7
:10D7F800005CA34100EDAF41007EBC41000FC94170
:10D8080000A0D5410031E24100C2EE410053FB4186
:10D8180000F20342003A0A420083104200CB16424B
:10D8280000141D42005C234200A5294200ED2F424E
:10D8380000363642007E3C4200C74242000F494251
:10D84800A2000000F9000000830000006E00000044
:10D858004E000000440000001500000029000000F0
:10D86800FC0000002700000057000000D100000065
:10D87800F500000034000000DD000000C0000000DA
:10D88800DB00000062000000950000009900000025
:10D898003C00000043000000900000004100000030
:10D8A800FE0000005100000063000000AB00000013
:10D8B800DE000000BB000000C500000061000000A1
:10D8C800B7000000240000006E0000003A000000CD
:10D8D800420000004D000000D2000000E0000000FF
:10D8E80006000000490000002E000000EA000000C9
:10D8F80009000000D1000000920000001C00000098
:10D90800FE0000001D000000EB0000001C000000ED
:10D91800B100000029000000A70000003E00000040
:10D92800E80000008200000035000000F50000005B
:10D938002E000000BB00000044000000840000002E
:10D94800E90000009C0000007000000026000000B4
:10D95800B40000005F0000007E00000041000000ED
:10D968003900000091000000D600000039000000D6
:10D97800830000005300000039000000F40000009C
:10D988009C000000840000005F0000008B00000085
:10D99800BD000000F9000000280000003B00000066
:10D9A8001F000000F800000097000000FF000000C2
:10D9B800DE00000005000000980000000F000000D5
:10D9C800EF0000002F000000110000008B00000095
:10D9D8005A0000000A0000006D0000001F0000004F
:10D9E8006D000000360000007E000000CF0000003F
:10D9F80027000000CB00000009000000B70000006D
:10DA08004F000000460000003F00000066000000D4
:10DA18009E0000005F000000EA0000002D000000EA
:10DA28007500000027000000BA000000C7000000D1
:10DA3800EB000000E5000000F10000007B000000A2
:10DA48003D0000000700000039000000F70000005A
:10DA58008A0000005200000092000000EA00000066
:10DA68006B000000FB0000005F000000B100000038
:10DA78001F0000008D0000005D000000080000008D
:10DA880056000000030000003000000046000000BF
:10DA9800FC0000007B0000006B000000AB000000F1
:10DAA800F0000000CF000000BC00000020000000D3
:10DAB8009A000000F4000000360000001D0000007D
:10DAC800A9000000E30000009100000061000000D0
:10DAD8005E000000E60000001B00000008000000D7
:10DAE8006500000099000000850000005F0000004C
:10DAF80014000000A00000006800000040000000C2
:10DB08008D000000FF000000D80000008000000029
:10DB18004D000000730000002700000031000000E5
:10DB28000600000006000000150000005600000076
:10DB3800CA00000073000000A8000000C90000002F
:10DB480060000000E20000007B000000C000000050
:10DB58008C0000006B0000000000C93F0000F03995
:10DB68000000DA370000A2330000842E0000502B9A
:10DB78000000C2270000D0220000C41F0000C61BFE
:10DB8800000044170400000007000000090000001E
:10DB98003863ED3EDA0F493F5E987B3FDA0FC93FA5
:10DBA8006937AC3168212233B40F14336821A233AA
:10DBB800000000000000000000000000000000005D
:10DBC800000000000000000000000000000000004D
:10DBD800000000000000000000000000000000003D
:10DBE800000000000000000000000000000000002D
:10DBF800000000000000000000000000000000001D
:10DC0800000000000000000000000000000000000C
:10DC180024000020494E4600696E66004E414E00C1
:10DC28006E616E0030003031323334353637383972
:10DC38004142434445460030313233343536373873
:10DC4800396162636465660000202020202020205E
:10DC58002020282828282820202020202020202094
:10DC680020202020202020202088101010101010A4
:10DC780010101010101010101004040404040404F0
:10DC8800040404101010101010104141414141418A
:10DC9800010101010101010101010101010101016C
:10DCA800010101011010101010104242424242427C
:10DCB800020202020202020202020202020202023C
:10DCC80002020202101010102000000000000000E4
:10DCD800000000000000000000000000000000003C
:10DCE800000000000000000000000000000000002C
:10DCF800000000000000000000000000000000001C
:10DD0800000000000000000000000000000000000B
:10DD180000000000000000000000000000000000FB
:10DD280000000000000000000000000000000000EB
:10DD380000000000000000000000000000000000DB
:10DD4800000000000000000000496E66696E6974FA
:10DD580079004E614E005245454E54206D616C6C01
:10DD68006F6320737563636565646564002F6D6E0A
:10DD7800742F776F726B73706163652F776F726B37
:10DD880073706163652F4743432D31302D7069707F
:10DD9800656C696E652F6A656E6B696E732D474396
:10DDA800432D31302D706970656C696E652D333384
:10DDB800385F32303231313031385F3136333435D3
:10DDC80031363230332F7372632F6E65776C696228
:10DDD8002F6E65776C69622F6C6962632F73746448
:10DDE8006C69622F64746F612E630042616C6C6FA2
:10DDF8006320737563636565646564002F6D6E7475
:10DE08002F776F726B73706163652F776F726B73A7
:10DE1800706163652F4743432D31302D70697065FC
:10DE28006C696E652F6A656E6B696E732D47434327
:10DE38002D31302D706970656C696E652D333338FE
:10DE48005F32303231313031385F31363334353149
:10DE5800363230332F7372632F6E65776C69622F99
:10DE68006E65776C69622F6C6962632F7374646C7A
:10DE780069622F6D707265632E63000000000000F8
:10DE88000080E03779C34143176E05B5B5B89346AE
:10DE9800F5F93FE9034F384D321D30F94877825A7A
:10DEA8003CBF737FDD4F1575000000000000F03F98
:10DEB800000000000000244000000000000059405D
:10DEC8000000000000408F40000000000088C340B0
:10DED80000000000006AF8400000000080842E4125
:10DEE80000000000D01263410000000084D7974171
:10DEF8000000000065CDCD41000000205FA0024277
:10DF0800000000E876483742000000A2941A6D42EB
:10DF1800000040E59C30A2420000901EC4BCD642DE
:10DF280000003426F56B0C430080E03779C3414389
:10DF380000A0D8855734764300C84E676DC1AB43FF
:10DF4800003D9160E458E143408CB5781DAF15441D
:10DF580050EFE2D6E41A4B4492D54D06CFF08044F8
:10DF6800F64AE1C7022DB544B49DD9794378EA440D
:10DF780005000000190000007D000000232D302B53
:10DF88002000686C4C00656667454647002C206693
:10DF9800756E6374696F6E3A20006173736572748D
:10DFA800696F6E2022257322206661696C65643A68
:10DFB8002066696C6520222573222C206C696E65A9
:10DFC800202564257325730A004300504F53495890
:04DFD800002E000017
:08DFDC00350100089561000801
:04DFE400110100081F
:10DFE80001000000100000000000CA42010000000B
:10DFF8006F12833A0100E803FFFFFFFF00127A0067
:10E008002400002000000000D8DB0008F8DB00082E
:10E01800B8DB00080000000000000000000000005D
:10E0280000000000000000000000000000000000E8
:10E0380000000000000000000000000000000000D8
:10E0480000000000000000000000000000000000C8
:10E0580000000000000000000000000000000000B8
:10E068000000000043000000000000000000000065
:10E078000000000000000000000000000000000098
:10E088000000000043000000000000000000000045
:10E098000000000000000000000000000000000078
:10E0A8000000000043000000000000000000000025
:10E0B8000000000000000000000000000000000058
:10E0C8000000000043000000000000000000000005
:10E0D8000000000000000000000000000000000038
:10E0E80000000000430000000000000000000000E5
:10E0F8000000000000000000000000000000000018
:10E1080000000000430000000000000000000000C4
:10E1180000000000000000000000000000000000F7
:10E1280000000000430000000000000000000000A4
:10E1380000000000000000000000000000000000D7
:10E1480000000000FFAF00087DAF000800000000DD
:10E1580050DC0008D9DF0008D0DF0008D0DF000855
:10E16800D0DF0008D0DF0008D0DF0008D0DF0008CB
:10E17800D0DF0008D0DF0008D0DF0008FFFFFFFF76
:10E18800FFFFFFFFFFFFFFFFFFFF000001004153FC
:10E1980043494900000000000000000000000000A2
:10E1A80000000000000000000000000000004153D3
:10E1B8004349490000000000000000000000000082
:10E1C8000000000000000000000000000000000047
:040000050800652169
:00000001FF
